exec VYMAZ_DATA_VSECH_TABULEK;
exec VYPNI_CIZI_KLICE;

INSERT INTO ADMINISTRATIVA (NESCHOPNOST_INDEX, OVERSLEEP_COUNT, IQ, ZAMESTNANEC_KEY, ODDELENI_KEY) VALUES (94.0,142.0,58.0,1.0,6.0);
INSERT INTO ADMINISTRATIVA (NESCHOPNOST_INDEX, OVERSLEEP_COUNT, IQ, ZAMESTNANEC_KEY, ODDELENI_KEY) VALUES (58.0,111.0,30.0,2.0,2.0);
INSERT INTO ADMINISTRATIVA (NESCHOPNOST_INDEX, OVERSLEEP_COUNT, IQ, ZAMESTNANEC_KEY, ODDELENI_KEY) VALUES (69.0,170.0,118.0,5.0,6.0);
INSERT INTO ADMINISTRATIVA (NESCHOPNOST_INDEX, OVERSLEEP_COUNT, IQ, ZAMESTNANEC_KEY, ODDELENI_KEY) VALUES (89.0,91.0,87.0,6.0,6.0);
INSERT INTO ADMINISTRATIVA (NESCHOPNOST_INDEX, OVERSLEEP_COUNT, IQ, ZAMESTNANEC_KEY, ODDELENI_KEY) VALUES (59.0,67.0,-9.0,7.0,6.0);
INSERT INTO ADMINISTRATIVA (NESCHOPNOST_INDEX, OVERSLEEP_COUNT, IQ, ZAMESTNANEC_KEY, ODDELENI_KEY) VALUES (57.0,194.0,10.0,8.0,2.0);
INSERT INTO ADMINISTRATIVA (NESCHOPNOST_INDEX, OVERSLEEP_COUNT, IQ, ZAMESTNANEC_KEY, ODDELENI_KEY) VALUES (100.0,2.0,110.0,11.0,8.0);
INSERT INTO ADMINISTRATIVA (NESCHOPNOST_INDEX, OVERSLEEP_COUNT, IQ, ZAMESTNANEC_KEY, ODDELENI_KEY) VALUES (34.0,63.0,102.0,12.0,3.0);
INSERT INTO ADMINISTRATIVA (NESCHOPNOST_INDEX, OVERSLEEP_COUNT, IQ, ZAMESTNANEC_KEY, ODDELENI_KEY) VALUES (27.0,76.0,178.0,14.0,3.0);
INSERT INTO ADMINISTRATIVA (NESCHOPNOST_INDEX, OVERSLEEP_COUNT, IQ, ZAMESTNANEC_KEY, ODDELENI_KEY) VALUES (21.0,67.0,150.0,15.0,3.0);
INSERT INTO ADMINISTRATIVA (NESCHOPNOST_INDEX, OVERSLEEP_COUNT, IQ, ZAMESTNANEC_KEY, ODDELENI_KEY) VALUES (30.0,92.0,54.0,16.0,4.0);
INSERT INTO ADMINISTRATIVA (NESCHOPNOST_INDEX, OVERSLEEP_COUNT, IQ, ZAMESTNANEC_KEY, ODDELENI_KEY) VALUES (57.0,127.0,153.0,17.0,7.0);
INSERT INTO ADMINISTRATIVA (NESCHOPNOST_INDEX, OVERSLEEP_COUNT, IQ, ZAMESTNANEC_KEY, ODDELENI_KEY) VALUES (99.0,37.0,141.0,19.0,3.0);
INSERT INTO ADMINISTRATIVA (NESCHOPNOST_INDEX, OVERSLEEP_COUNT, IQ, ZAMESTNANEC_KEY, ODDELENI_KEY) VALUES (71.0,53.0,34.0,21.0,7.0);
INSERT INTO ADMINISTRATIVA (NESCHOPNOST_INDEX, OVERSLEEP_COUNT, IQ, ZAMESTNANEC_KEY, ODDELENI_KEY) VALUES (63.0,59.0,30.0,24.0,6.0);
INSERT INTO ADMINISTRATIVA (NESCHOPNOST_INDEX, OVERSLEEP_COUNT, IQ, ZAMESTNANEC_KEY, ODDELENI_KEY) VALUES (26.0,135.0,-21.0,26.0,2.0);
INSERT INTO ADMINISTRATIVA (NESCHOPNOST_INDEX, OVERSLEEP_COUNT, IQ, ZAMESTNANEC_KEY, ODDELENI_KEY) VALUES (15.0,154.0,91.0,28.0,1.0);
INSERT INTO ADMINISTRATIVA (NESCHOPNOST_INDEX, OVERSLEEP_COUNT, IQ, ZAMESTNANEC_KEY, ODDELENI_KEY) VALUES (56.0,35.0,26.0,29.0,4.0);
INSERT INTO ADMINISTRATIVA (NESCHOPNOST_INDEX, OVERSLEEP_COUNT, IQ, ZAMESTNANEC_KEY, ODDELENI_KEY) VALUES (89.0,184.0,-46.0,30.0,6.0);
INSERT INTO ADMINISTRATIVA (NESCHOPNOST_INDEX, OVERSLEEP_COUNT, IQ, ZAMESTNANEC_KEY, ODDELENI_KEY) VALUES (73.0,62.0,105.0,32.0,3.0);
INSERT INTO ADMINISTRATIVA (NESCHOPNOST_INDEX, OVERSLEEP_COUNT, IQ, ZAMESTNANEC_KEY, ODDELENI_KEY) VALUES (49.0,92.0,44.0,33.0,1.0);
INSERT INTO ADMINISTRATIVA (NESCHOPNOST_INDEX, OVERSLEEP_COUNT, IQ, ZAMESTNANEC_KEY, ODDELENI_KEY) VALUES (82.0,32.0,-23.0,36.0,5.0);
INSERT INTO ADMINISTRATIVA (NESCHOPNOST_INDEX, OVERSLEEP_COUNT, IQ, ZAMESTNANEC_KEY, ODDELENI_KEY) VALUES (51.0,90.0,141.0,37.0,1.0);
INSERT INTO ADMINISTRATIVA (NESCHOPNOST_INDEX, OVERSLEEP_COUNT, IQ, ZAMESTNANEC_KEY, ODDELENI_KEY) VALUES (22.0,50.0,-36.0,38.0,4.0);
INSERT INTO ADMINISTRATIVA (NESCHOPNOST_INDEX, OVERSLEEP_COUNT, IQ, ZAMESTNANEC_KEY, ODDELENI_KEY) VALUES (54.0,32.0,-9.0,39.0,6.0);
INSERT INTO ADMINISTRATIVA (NESCHOPNOST_INDEX, OVERSLEEP_COUNT, IQ, ZAMESTNANEC_KEY, ODDELENI_KEY) VALUES (15.0,33.0,86.0,41.0,2.0);
INSERT INTO ADMINISTRATIVA (NESCHOPNOST_INDEX, OVERSLEEP_COUNT, IQ, ZAMESTNANEC_KEY, ODDELENI_KEY) VALUES (33.0,152.0,15.0,43.0,5.0);
INSERT INTO ADMINISTRATIVA (NESCHOPNOST_INDEX, OVERSLEEP_COUNT, IQ, ZAMESTNANEC_KEY, ODDELENI_KEY) VALUES (1.0,153.0,47.0,45.0,5.0);
INSERT INTO ADMINISTRATIVA (NESCHOPNOST_INDEX, OVERSLEEP_COUNT, IQ, ZAMESTNANEC_KEY, ODDELENI_KEY) VALUES (74.0,140.0,134.0,46.0,2.0);
INSERT INTO ADMINISTRATIVA (NESCHOPNOST_INDEX, OVERSLEEP_COUNT, IQ, ZAMESTNANEC_KEY, ODDELENI_KEY) VALUES (60.0,114.0,68.0,47.0,6.0);
INSERT INTO ADMINISTRATIVA (NESCHOPNOST_INDEX, OVERSLEEP_COUNT, IQ, ZAMESTNANEC_KEY, ODDELENI_KEY) VALUES (51.0,78.0,78.0,48.0,4.0);
INSERT INTO ADMINISTRATIVA (NESCHOPNOST_INDEX, OVERSLEEP_COUNT, IQ, ZAMESTNANEC_KEY, ODDELENI_KEY) VALUES (25.0,123.0,-11.0,49.0,4.0);
INSERT INTO ADMINISTRATIVA (NESCHOPNOST_INDEX, OVERSLEEP_COUNT, IQ, ZAMESTNANEC_KEY, ODDELENI_KEY) VALUES (5.0,171.0,6.0,50.0,5.0);
INSERT INTO ADMINISTRATIVA (NESCHOPNOST_INDEX, OVERSLEEP_COUNT, IQ, ZAMESTNANEC_KEY, ODDELENI_KEY) VALUES (88.0,60.0,7.0,51.0,8.0);
INSERT INTO ADMINISTRATIVA (NESCHOPNOST_INDEX, OVERSLEEP_COUNT, IQ, ZAMESTNANEC_KEY, ODDELENI_KEY) VALUES (67.0,31.0,-41.0,53.0,4.0);
INSERT INTO ADMINISTRATIVA (NESCHOPNOST_INDEX, OVERSLEEP_COUNT, IQ, ZAMESTNANEC_KEY, ODDELENI_KEY) VALUES (40.0,129.0,140.0,56.0,4.0);
INSERT INTO ADMINISTRATIVA (NESCHOPNOST_INDEX, OVERSLEEP_COUNT, IQ, ZAMESTNANEC_KEY, ODDELENI_KEY) VALUES (21.0,164.0,131.0,58.0,7.0);
INSERT INTO ADMINISTRATIVA (NESCHOPNOST_INDEX, OVERSLEEP_COUNT, IQ, ZAMESTNANEC_KEY, ODDELENI_KEY) VALUES (53.0,71.0,189.0,59.0,3.0);
INSERT INTO ADMINISTRATIVA (NESCHOPNOST_INDEX, OVERSLEEP_COUNT, IQ, ZAMESTNANEC_KEY, ODDELENI_KEY) VALUES (55.0,158.0,66.0,60.0,5.0);
INSERT INTO ADMINISTRATIVA (NESCHOPNOST_INDEX, OVERSLEEP_COUNT, IQ, ZAMESTNANEC_KEY, ODDELENI_KEY) VALUES (3.0,166.0,173.0,62.0,8.0);
INSERT INTO ADMINISTRATIVA (NESCHOPNOST_INDEX, OVERSLEEP_COUNT, IQ, ZAMESTNANEC_KEY, ODDELENI_KEY) VALUES (2.0,110.0,130.0,63.0,5.0);
INSERT INTO ADMINISTRATIVA (NESCHOPNOST_INDEX, OVERSLEEP_COUNT, IQ, ZAMESTNANEC_KEY, ODDELENI_KEY) VALUES (76.0,124.0,146.0,64.0,6.0);
INSERT INTO ADMINISTRATIVA (NESCHOPNOST_INDEX, OVERSLEEP_COUNT, IQ, ZAMESTNANEC_KEY, ODDELENI_KEY) VALUES (51.0,32.0,-6.0,65.0,4.0);
INSERT INTO ADMINISTRATIVA (NESCHOPNOST_INDEX, OVERSLEEP_COUNT, IQ, ZAMESTNANEC_KEY, ODDELENI_KEY) VALUES (33.0,115.0,-10.0,66.0,3.0);
INSERT INTO ADMINISTRATIVA (NESCHOPNOST_INDEX, OVERSLEEP_COUNT, IQ, ZAMESTNANEC_KEY, ODDELENI_KEY) VALUES (96.0,93.0,29.0,67.0,3.0);
INSERT INTO ADMINISTRATIVA (NESCHOPNOST_INDEX, OVERSLEEP_COUNT, IQ, ZAMESTNANEC_KEY, ODDELENI_KEY) VALUES (42.0,97.0,148.0,68.0,3.0);
INSERT INTO ADMINISTRATIVA (NESCHOPNOST_INDEX, OVERSLEEP_COUNT, IQ, ZAMESTNANEC_KEY, ODDELENI_KEY) VALUES (4.0,73.0,-24.0,69.0,6.0);
INSERT INTO ADMINISTRATIVA (NESCHOPNOST_INDEX, OVERSLEEP_COUNT, IQ, ZAMESTNANEC_KEY, ODDELENI_KEY) VALUES (40.0,53.0,43.0,70.0,3.0);
INSERT INTO ADMINISTRATIVA (NESCHOPNOST_INDEX, OVERSLEEP_COUNT, IQ, ZAMESTNANEC_KEY, ODDELENI_KEY) VALUES (66.0,9.0,-15.0,71.0,2.0);
INSERT INTO ADMINISTRATIVA (NESCHOPNOST_INDEX, OVERSLEEP_COUNT, IQ, ZAMESTNANEC_KEY, ODDELENI_KEY) VALUES (11.0,26.0,68.0,74.0,8.0);
INSERT INTO ADMINISTRATIVA (NESCHOPNOST_INDEX, OVERSLEEP_COUNT, IQ, ZAMESTNANEC_KEY, ODDELENI_KEY) VALUES (79.0,61.0,-2.0,76.0,5.0);
INSERT INTO ADMINISTRATIVA (NESCHOPNOST_INDEX, OVERSLEEP_COUNT, IQ, ZAMESTNANEC_KEY, ODDELENI_KEY) VALUES (68.0,8.0,38.0,77.0,5.0);
INSERT INTO ADMINISTRATIVA (NESCHOPNOST_INDEX, OVERSLEEP_COUNT, IQ, ZAMESTNANEC_KEY, ODDELENI_KEY) VALUES (17.0,11.0,169.0,78.0,1.0);
INSERT INTO ADMINISTRATIVA (NESCHOPNOST_INDEX, OVERSLEEP_COUNT, IQ, ZAMESTNANEC_KEY, ODDELENI_KEY) VALUES (48.0,136.0,-24.0,79.0,6.0);
INSERT INTO ADMINISTRATIVA (NESCHOPNOST_INDEX, OVERSLEEP_COUNT, IQ, ZAMESTNANEC_KEY, ODDELENI_KEY) VALUES (30.0,133.0,102.0,80.0,6.0);
INSERT INTO ADMINISTRATIVA (NESCHOPNOST_INDEX, OVERSLEEP_COUNT, IQ, ZAMESTNANEC_KEY, ODDELENI_KEY) VALUES (89.0,38.0,40.0,81.0,5.0);
INSERT INTO ADMINISTRATIVA (NESCHOPNOST_INDEX, OVERSLEEP_COUNT, IQ, ZAMESTNANEC_KEY, ODDELENI_KEY) VALUES (81.0,68.0,68.0,82.0,1.0);
INSERT INTO ADMINISTRATIVA (NESCHOPNOST_INDEX, OVERSLEEP_COUNT, IQ, ZAMESTNANEC_KEY, ODDELENI_KEY) VALUES (8.0,129.0,-45.0,83.0,4.0);
INSERT INTO ADMINISTRATIVA (NESCHOPNOST_INDEX, OVERSLEEP_COUNT, IQ, ZAMESTNANEC_KEY, ODDELENI_KEY) VALUES (78.0,163.0,77.0,85.0,3.0);
INSERT INTO ADMINISTRATIVA (NESCHOPNOST_INDEX, OVERSLEEP_COUNT, IQ, ZAMESTNANEC_KEY, ODDELENI_KEY) VALUES (26.0,83.0,170.0,92.0,8.0);
INSERT INTO ADMINISTRATIVA (NESCHOPNOST_INDEX, OVERSLEEP_COUNT, IQ, ZAMESTNANEC_KEY, ODDELENI_KEY) VALUES (37.0,130.0,41.0,93.0,6.0);
INSERT INTO ADMINISTRATIVA (NESCHOPNOST_INDEX, OVERSLEEP_COUNT, IQ, ZAMESTNANEC_KEY, ODDELENI_KEY) VALUES (5.0,119.0,-14.0,94.0,1.0);
INSERT INTO ADMINISTRATIVA (NESCHOPNOST_INDEX, OVERSLEEP_COUNT, IQ, ZAMESTNANEC_KEY, ODDELENI_KEY) VALUES (70.0,186.0,-26.0,95.0,1.0);
INSERT INTO ADMINISTRATIVA (NESCHOPNOST_INDEX, OVERSLEEP_COUNT, IQ, ZAMESTNANEC_KEY, ODDELENI_KEY) VALUES (11.0,187.0,-27.0,97.0,1.0);
INSERT INTO ADMINISTRATIVA (NESCHOPNOST_INDEX, OVERSLEEP_COUNT, IQ, ZAMESTNANEC_KEY, ODDELENI_KEY) VALUES (99.0,143.0,4.0,100.0,1.0);




INSERT INTO ADMINISTRATIVA_VUZ_REL (ZAMESTNANEC_KEY, VUZ_KEY) VALUES (12.0,2.0);
INSERT INTO ADMINISTRATIVA_VUZ_REL (ZAMESTNANEC_KEY, VUZ_KEY) VALUES (16.0,3.0);
INSERT INTO ADMINISTRATIVA_VUZ_REL (ZAMESTNANEC_KEY, VUZ_KEY) VALUES (24.0,4.0);
INSERT INTO ADMINISTRATIVA_VUZ_REL (ZAMESTNANEC_KEY, VUZ_KEY) VALUES (2.0,6.0);
INSERT INTO ADMINISTRATIVA_VUZ_REL (ZAMESTNANEC_KEY, VUZ_KEY) VALUES (8.0,7.0);
INSERT INTO ADMINISTRATIVA_VUZ_REL (ZAMESTNANEC_KEY, VUZ_KEY) VALUES (26.0,8.0);
INSERT INTO ADMINISTRATIVA_VUZ_REL (ZAMESTNANEC_KEY, VUZ_KEY) VALUES (11.0,9.0);
INSERT INTO ADMINISTRATIVA_VUZ_REL (ZAMESTNANEC_KEY, VUZ_KEY) VALUES (14.0,10.0);
INSERT INTO ADMINISTRATIVA_VUZ_REL (ZAMESTNANEC_KEY, VUZ_KEY) VALUES (51.0,11.0);
INSERT INTO ADMINISTRATIVA_VUZ_REL (ZAMESTNANEC_KEY, VUZ_KEY) VALUES (41.0,12.0);
INSERT INTO ADMINISTRATIVA_VUZ_REL (ZAMESTNANEC_KEY, VUZ_KEY) VALUES (36.0,13.0);
INSERT INTO ADMINISTRATIVA_VUZ_REL (ZAMESTNANEC_KEY, VUZ_KEY) VALUES (21.0,14.0);
INSERT INTO ADMINISTRATIVA_VUZ_REL (ZAMESTNANEC_KEY, VUZ_KEY) VALUES (58.0,15.0);
INSERT INTO ADMINISTRATIVA_VUZ_REL (ZAMESTNANEC_KEY, VUZ_KEY) VALUES (46.0,16.0);
INSERT INTO ADMINISTRATIVA_VUZ_REL (ZAMESTNANEC_KEY, VUZ_KEY) VALUES (51.0,17.0);
INSERT INTO ADMINISTRATIVA_VUZ_REL (ZAMESTNANEC_KEY, VUZ_KEY) VALUES (62.0,18.0);
INSERT INTO ADMINISTRATIVA_VUZ_REL (ZAMESTNANEC_KEY, VUZ_KEY) VALUES (41.0,19.0);
INSERT INTO ADMINISTRATIVA_VUZ_REL (ZAMESTNANEC_KEY, VUZ_KEY) VALUES (16.0,20.0);
INSERT INTO ADMINISTRATIVA_VUZ_REL (ZAMESTNANEC_KEY, VUZ_KEY) VALUES (26.0,21.0);
INSERT INTO ADMINISTRATIVA_VUZ_REL (ZAMESTNANEC_KEY, VUZ_KEY) VALUES (17.0,23.0);
INSERT INTO ADMINISTRATIVA_VUZ_REL (ZAMESTNANEC_KEY, VUZ_KEY) VALUES (15.0,24.0);
INSERT INTO ADMINISTRATIVA_VUZ_REL (ZAMESTNANEC_KEY, VUZ_KEY) VALUES (19.0,25.0);
INSERT INTO ADMINISTRATIVA_VUZ_REL (ZAMESTNANEC_KEY, VUZ_KEY) VALUES (62.0,26.0);
INSERT INTO ADMINISTRATIVA_VUZ_REL (ZAMESTNANEC_KEY, VUZ_KEY) VALUES (36.0,27.0);
INSERT INTO ADMINISTRATIVA_VUZ_REL (ZAMESTNANEC_KEY, VUZ_KEY) VALUES (50.0,29.0);
INSERT INTO ADMINISTRATIVA_VUZ_REL (ZAMESTNANEC_KEY, VUZ_KEY) VALUES (60.0,30.0);
INSERT INTO ADMINISTRATIVA_VUZ_REL (ZAMESTNANEC_KEY, VUZ_KEY) VALUES (1.0,5.0);
INSERT INTO ADMINISTRATIVA_VUZ_REL (ZAMESTNANEC_KEY, VUZ_KEY) VALUES (1.0,28.0);
INSERT INTO ADMINISTRATIVA_VUZ_REL (ZAMESTNANEC_KEY, VUZ_KEY) VALUES (1.0,1.0);
INSERT INTO ADMINISTRATIVA_VUZ_REL (ZAMESTNANEC_KEY, VUZ_KEY) VALUES (1.0,22.0);



INSERT INTO DIETA (DIETA_KEY, CISLO, POZNAMKA) VALUES (1.0,0.0,'tekuta');
INSERT INTO DIETA (DIETA_KEY, CISLO, POZNAMKA) VALUES (2.0,1.0,'kasovita');
INSERT INTO DIETA (DIETA_KEY, CISLO, POZNAMKA) VALUES (3.0,2.0,'setrici');
INSERT INTO DIETA (DIETA_KEY, CISLO, POZNAMKA) VALUES (4.0,3.0,'racionalni');
INSERT INTO DIETA (DIETA_KEY, CISLO, POZNAMKA) VALUES (5.0,4.0,'s omzenim tuku');
INSERT INTO DIETA (DIETA_KEY, CISLO, POZNAMKA) VALUES (6.0,5.0,'bezezbytkova');
INSERT INTO DIETA (DIETA_KEY, CISLO, POZNAMKA) VALUES (7.0,6.0,'nizkobilkovinna');
INSERT INTO DIETA (DIETA_KEY, CISLO, POZNAMKA) VALUES (8.0,8.0,'redukcni');
INSERT INTO DIETA (DIETA_KEY, CISLO, POZNAMKA) VALUES (9.0,9.0,'diabeticka');
INSERT INTO DIETA (DIETA_KEY, CISLO, POZNAMKA) VALUES (10.0,10.0,'neslana');
INSERT INTO DIETA (DIETA_KEY, CISLO, POZNAMKA) VALUES (11.0,11.0,'vyzivna');


INSERT INTO KNIHA (KNIHA_KEY, KOD, JMENO, AUTOR, ZANR, ZAMESTNANEC_KEY, PACIENT_KEY) VALUES (1.0,'0-3621-1714-4','Kytice','Erben','balada',1.0,NULL);
INSERT INTO KNIHA (KNIHA_KEY, KOD, JMENO, AUTOR, ZANR, ZAMESTNANEC_KEY, PACIENT_KEY) VALUES (2.0,'0-8343-2497-0','Bila nemoc','Capek','drama',NULL,1.0);
INSERT INTO KNIHA (KNIHA_KEY, KOD, JMENO, AUTOR, ZANR, ZAMESTNANEC_KEY, PACIENT_KEY) VALUES (3.0,'0-3087-3525-0','R.U.R','Capek','drama',NULL,NULL);
INSERT INTO KNIHA (KNIHA_KEY, KOD, JMENO, AUTOR, ZANR, ZAMESTNANEC_KEY, PACIENT_KEY) VALUES (4.0,'0-2506-6447-X','Lolita','Nabokov','roman',5.0,NULL);
INSERT INTO KNIHA (KNIHA_KEY, KOD, JMENO, AUTOR, ZANR, ZAMESTNANEC_KEY, PACIENT_KEY) VALUES (5.0,'0-8002-1560-5','Starec a more','Hemingway','novela',7.0,NULL);
INSERT INTO KNIHA (KNIHA_KEY, KOD, JMENO, AUTOR, ZANR, ZAMESTNANEC_KEY, PACIENT_KEY) VALUES (6.0,'0-7025-8411-8','Stare povesti ceske','Dvorak','povest',3.0,NULL);
INSERT INTO KNIHA (KNIHA_KEY, KOD, JMENO, AUTOR, ZANR, ZAMESTNANEC_KEY, PACIENT_KEY) VALUES (7.0,'0-3794-0535-0','Spalovac mrtvol','Fuks','novela',3.0,NULL);
INSERT INTO KNIHA (KNIHA_KEY, KOD, JMENO, AUTOR, ZANR, ZAMESTNANEC_KEY, PACIENT_KEY) VALUES (8.0,'0-1405-6893-X','Robinson Crusoe','Defoe','roman',NULL,5.0);
INSERT INTO KNIHA (KNIHA_KEY, KOD, JMENO, AUTOR, ZANR, ZAMESTNANEC_KEY, PACIENT_KEY) VALUES (9.0,'0-4418-5060-X','Revizor','Gogol','komedie',NULL,6.0);
INSERT INTO KNIHA (KNIHA_KEY, KOD, JMENO, AUTOR, ZANR, ZAMESTNANEC_KEY, PACIENT_KEY) VALUES (10.0,'0-4998-7144-8','Promena','Kafka','povidka',NULL,9.0);
INSERT INTO KNIHA (KNIHA_KEY, KOD, JMENO, AUTOR, ZANR, ZAMESTNANEC_KEY, PACIENT_KEY) VALUES (11.0,'0-7699-9043-6','Petr a Lucie','Rolland','novela',NULL,20.0);
INSERT INTO KNIHA (KNIHA_KEY, KOD, JMENO, AUTOR, ZANR, ZAMESTNANEC_KEY, PACIENT_KEY) VALUES (12.0,'0-9865-2228-7','Ostre sledovane vlaky','Hrabal','novela',NULL,10.0);
INSERT INTO KNIHA (KNIHA_KEY, KOD, JMENO, AUTOR, ZANR, ZAMESTNANEC_KEY, PACIENT_KEY) VALUES (13.0,'0-3758-1095-1','Nema barikada','Drda','povidka',4.0,NULL);
INSERT INTO KNIHA (KNIHA_KEY, KOD, JMENO, AUTOR, ZANR, ZAMESTNANEC_KEY, PACIENT_KEY) VALUES (14.0,'0-5354-3699-8','Na zapadni fronte klid','Remarque','roman',15.0,NULL);
INSERT INTO KNIHA (KNIHA_KEY, KOD, JMENO, AUTOR, ZANR, ZAMESTNANEC_KEY, PACIENT_KEY) VALUES (15.0,'0-7032-5238-0','Marysa','Mrstik','tragedie',30.0,NULL);
INSERT INTO KNIHA (KNIHA_KEY, KOD, JMENO, AUTOR, ZANR, ZAMESTNANEC_KEY, PACIENT_KEY) VALUES (16.0,'0-9271-1010-5','Maly princ','Exupery','novela',NULL,15.0);
INSERT INTO KNIHA (KNIHA_KEY, KOD, JMENO, AUTOR, ZANR, ZAMESTNANEC_KEY, PACIENT_KEY) VALUES (17.0,'0-3191-5369-X','Maj','Macha','poezie',NULL,14.0);
INSERT INTO KNIHA (KNIHA_KEY, KOD, JMENO, AUTOR, ZANR, ZAMESTNANEC_KEY, PACIENT_KEY) VALUES (18.0,'0-7256-5458-9','Lakomec','Molliere','komedie',11.0,NULL);
INSERT INTO KNIHA (KNIHA_KEY, KOD, JMENO, AUTOR, ZANR, ZAMESTNANEC_KEY, PACIENT_KEY) VALUES (19.0,'0-7431-7061-X','Kulicka','Maupassant','povidka',22.0,NULL);
INSERT INTO KNIHA (KNIHA_KEY, KOD, JMENO, AUTOR, ZANR, ZAMESTNANEC_KEY, PACIENT_KEY) VALUES (20.0,'0-4510-5641-8','Strakonicky dudak','Tyl','bachorka',NULL,14.0);



INSERT INTO LECBA (LECBA_KEY, NAZEV, DATUM_REALIZACE, KAPACITA, POZNAMKA, ZAMESTNANEC_KEY, MISTNOST_KEY) VALUES (1.0,'Distancni elektroterapie',to_date('25/07/2019', 'DD.MM.RR'),8.0,NULL,3.0,34.0);
INSERT INTO LECBA (LECBA_KEY, NAZEV, DATUM_REALIZACE, KAPACITA, POZNAMKA, ZAMESTNANEC_KEY, MISTNOST_KEY) VALUES (2.0,'Rebox',to_date('04/10/2018', 'DD.MM.RR'),4.0,NULL,4.0,35.0);
INSERT INTO LECBA (LECBA_KEY, NAZEV, DATUM_REALIZACE, KAPACITA, POZNAMKA, ZAMESTNANEC_KEY, MISTNOST_KEY) VALUES (3.0,'Lobotomie',to_date('15/09/2018', 'DD.MM.RR'),4.0,'opozdeny zacatek',9.0,36.0);
INSERT INTO LECBA (LECBA_KEY, NAZEV, DATUM_REALIZACE, KAPACITA, POZNAMKA, ZAMESTNANEC_KEY, MISTNOST_KEY) VALUES (4.0,'Ultrazvuk',to_date('02/08/2018', 'DD.MM.RR'),9.0,'opozdeny zacatek',10.0,37.0);
INSERT INTO LECBA (LECBA_KEY, NAZEV, DATUM_REALIZACE, KAPACITA, POZNAMKA, ZAMESTNANEC_KEY, MISTNOST_KEY) VALUES (5.0,'Elektro',to_date('06/02/2020', 'DD.MM.RR'),5.0,'plna ucast',13.0,38.0);
INSERT INTO LECBA (LECBA_KEY, NAZEV, DATUM_REALIZACE, KAPACITA, POZNAMKA, ZAMESTNANEC_KEY, MISTNOST_KEY) VALUES (6.0,'Ultrazvuk',to_date('18/04/2020', 'DD.MM.RR'),1.0,NULL,18.0,39.0);
INSERT INTO LECBA (LECBA_KEY, NAZEV, DATUM_REALIZACE, KAPACITA, POZNAMKA, ZAMESTNANEC_KEY, MISTNOST_KEY) VALUES (7.0,'Podprostor prostoru',to_date('29/06/2019', 'DD.MM.RR'),7.0,NULL,20.0,40.0);
INSERT INTO LECBA (LECBA_KEY, NAZEV, DATUM_REALIZACE, KAPACITA, POZNAMKA, ZAMESTNANEC_KEY, MISTNOST_KEY) VALUES (8.0,'Interferencni proudy',to_date('03/01/2020', 'DD.MM.RR'),20.0,NULL,22.0,41.0);
INSERT INTO LECBA (LECBA_KEY, NAZEV, DATUM_REALIZACE, KAPACITA, POZNAMKA, ZAMESTNANEC_KEY, MISTNOST_KEY) VALUES (9.0,'Lobotomie',to_date('02/11/2019', 'DD.MM.RR'),17.0,'skvela spoluprace pacienta',23.0,42.0);
INSERT INTO LECBA (LECBA_KEY, NAZEV, DATUM_REALIZACE, KAPACITA, POZNAMKA, ZAMESTNANEC_KEY, MISTNOST_KEY) VALUES (10.0,'Elektro',to_date('05/01/2019', 'DD.MM.RR'),7.0,'plna ucast',25.0,43.0);
INSERT INTO LECBA (LECBA_KEY, NAZEV, DATUM_REALIZACE, KAPACITA, POZNAMKA, ZAMESTNANEC_KEY, MISTNOST_KEY) VALUES (11.0,'Ctyrkomorova galvanicka lazen',to_date('13/04/2020', 'DD.MM.RR'),2.0,'plna ucast',27.0,44.0);
INSERT INTO LECBA (LECBA_KEY, NAZEV, DATUM_REALIZACE, KAPACITA, POZNAMKA, ZAMESTNANEC_KEY, MISTNOST_KEY) VALUES (12.0,'Distancni elektroterapie',to_date('17/01/2020', 'DD.MM.RR'),1.0,'plna ucast',31.0,45.0);
INSERT INTO LECBA (LECBA_KEY, NAZEV, DATUM_REALIZACE, KAPACITA, POZNAMKA, ZAMESTNANEC_KEY, MISTNOST_KEY) VALUES (13.0,'Podprostor prostoru',to_date('20/07/2019', 'DD.MM.RR'),13.0,'opozdeny zacatek',34.0,46.0);
INSERT INTO LECBA (LECBA_KEY, NAZEV, DATUM_REALIZACE, KAPACITA, POZNAMKA, ZAMESTNANEC_KEY, MISTNOST_KEY) VALUES (14.0,'Distancni elektroterapie',to_date('27/01/2020', 'DD.MM.RR'),14.0,NULL,35.0,47.0);
INSERT INTO LECBA (LECBA_KEY, NAZEV, DATUM_REALIZACE, KAPACITA, POZNAMKA, ZAMESTNANEC_KEY, MISTNOST_KEY) VALUES (15.0,'Linearni terapie',to_date('28/05/2018', 'DD.MM.RR'),3.0,'skvela spoluprace pacienta',40.0,48.0);
INSERT INTO LECBA (LECBA_KEY, NAZEV, DATUM_REALIZACE, KAPACITA, POZNAMKA, ZAMESTNANEC_KEY, MISTNOST_KEY) VALUES (16.0,'Generujici baze',to_date('09/07/2018', 'DD.MM.RR'),3.0,NULL,44.0,49.0);
INSERT INTO LECBA (LECBA_KEY, NAZEV, DATUM_REALIZACE, KAPACITA, POZNAMKA, ZAMESTNANEC_KEY, MISTNOST_KEY) VALUES (17.0,'Diadynamik',to_date('18/06/2019', 'DD.MM.RR'),8.0,NULL,52.0,50.0);
INSERT INTO LECBA (LECBA_KEY, NAZEV, DATUM_REALIZACE, KAPACITA, POZNAMKA, ZAMESTNANEC_KEY, MISTNOST_KEY) VALUES (18.0,'Terapie sokem',to_date('15/06/2018', 'DD.MM.RR'),3.0,NULL,55.0,51.0);
INSERT INTO LECBA (LECBA_KEY, NAZEV, DATUM_REALIZACE, KAPACITA, POZNAMKA, ZAMESTNANEC_KEY, MISTNOST_KEY) VALUES (19.0,'Ctyrkomorova galvanicka lazen',to_date('10/01/2020', 'DD.MM.RR'),5.0,'plna ucast',57.0,52.0);
INSERT INTO LECBA (LECBA_KEY, NAZEV, DATUM_REALIZACE, KAPACITA, POZNAMKA, ZAMESTNANEC_KEY, MISTNOST_KEY) VALUES (20.0,'Arteterapie',to_date('23/09/2019', 'DD.MM.RR'),8.0,'plna ucast',61.0,53.0);


INSERT INTO MEDIKAMENT (MEDIKAMENT_KEY, JMENO, SKUPINA, SILA, DOSTUPNOST, POZNAMKA) VALUES (1.0,'Allopurinol','A',12.0,186.0,'oralni uziti');
INSERT INTO MEDIKAMENT (MEDIKAMENT_KEY, JMENO, SKUPINA, SILA, DOSTUPNOST, POZNAMKA) VALUES (2.0,'Almotriptan','S',11.0,30.0,'oralni uziti');
INSERT INTO MEDIKAMENT (MEDIKAMENT_KEY, JMENO, SKUPINA, SILA, DOSTUPNOST, POZNAMKA) VALUES (3.0,'Alocril','D',69.0,68.0,'injekcni uziti');
INSERT INTO MEDIKAMENT (MEDIKAMENT_KEY, JMENO, SKUPINA, SILA, DOSTUPNOST, POZNAMKA) VALUES (4.0,'Alomide','G',18.0,193.0,'nebezpeci pri nadmerne davce');
INSERT INTO MEDIKAMENT (MEDIKAMENT_KEY, JMENO, SKUPINA, SILA, DOSTUPNOST, POZNAMKA) VALUES (5.0,'Alophen','P',79.0,44.0,'injekcni uziti');
INSERT INTO MEDIKAMENT (MEDIKAMENT_KEY, JMENO, SKUPINA, SILA, DOSTUPNOST, POZNAMKA) VALUES (6.0,'Aloprim','V',41.0,38.0,'injekcni uziti');
INSERT INTO MEDIKAMENT (MEDIKAMENT_KEY, JMENO, SKUPINA, SILA, DOSTUPNOST, POZNAMKA) VALUES (7.0,'Alosetron','C',79.0,103.0,'injekcni uziti');
INSERT INTO MEDIKAMENT (MEDIKAMENT_KEY, JMENO, SKUPINA, SILA, DOSTUPNOST, POZNAMKA) VALUES (8.0,'Edecrin','L',95.0,135.0,'oralni uziti');
INSERT INTO MEDIKAMENT (MEDIKAMENT_KEY, JMENO, SKUPINA, SILA, DOSTUPNOST, POZNAMKA) VALUES (9.0,'Edluar','B',19.0,73.0,'injekcni uziti');
INSERT INTO MEDIKAMENT (MEDIKAMENT_KEY, JMENO, SKUPINA, SILA, DOSTUPNOST, POZNAMKA) VALUES (10.0,'Efalizumab','V',87.0,191.0,'injekcni uziti');
INSERT INTO MEDIKAMENT (MEDIKAMENT_KEY, JMENO, SKUPINA, SILA, DOSTUPNOST, POZNAMKA) VALUES (11.0,'Efavirenz','A',15.0,68.0,'oralni uziti');
INSERT INTO MEDIKAMENT (MEDIKAMENT_KEY, JMENO, SKUPINA, SILA, DOSTUPNOST, POZNAMKA) VALUES (12.0,'Efaviren','N',24.0,97.0,'nebezpeci pri nadmerne davce');
INSERT INTO MEDIKAMENT (MEDIKAMENT_KEY, JMENO, SKUPINA, SILA, DOSTUPNOST, POZNAMKA) VALUES (13.0,'Effexor','N',19.0,195.0,'oralni uziti');
INSERT INTO MEDIKAMENT (MEDIKAMENT_KEY, JMENO, SKUPINA, SILA, DOSTUPNOST, POZNAMKA) VALUES (14.0,'Efinaconazole','B',68.0,184.0,'oralni uziti');
INSERT INTO MEDIKAMENT (MEDIKAMENT_KEY, JMENO, SKUPINA, SILA, DOSTUPNOST, POZNAMKA) VALUES (15.0,'Eflornithine','R',62.0,16.0,'injekcni uziti');
INSERT INTO MEDIKAMENT (MEDIKAMENT_KEY, JMENO, SKUPINA, SILA, DOSTUPNOST, POZNAMKA) VALUES (16.0,'Zolpidem','G',94.0,103.0,'injekcni uziti');
INSERT INTO MEDIKAMENT (MEDIKAMENT_KEY, JMENO, SKUPINA, SILA, DOSTUPNOST, POZNAMKA) VALUES (17.0,'Maprotiline','B',36.0,6.0,'oralni uziti');
INSERT INTO MEDIKAMENT (MEDIKAMENT_KEY, JMENO, SKUPINA, SILA, DOSTUPNOST, POZNAMKA) VALUES (18.0,'Maraviroc','N',89.0,118.0,'oralni uziti');
INSERT INTO MEDIKAMENT (MEDIKAMENT_KEY, JMENO, SKUPINA, SILA, DOSTUPNOST, POZNAMKA) VALUES (19.0,'Canagliflozin','A',3.0,129.0,'oralni uziti');
INSERT INTO MEDIKAMENT (MEDIKAMENT_KEY, JMENO, SKUPINA, SILA, DOSTUPNOST, POZNAMKA) VALUES (20.0,'Captopril','C',78.0,123.0,'injekcni uziti');


INSERT INTO MEDIKAMENT_ZDRAVOTNIK_REL (MEDIKAMENT_KEY, ZAMESTNANEC_KEY) VALUES (1.0,3.0);
INSERT INTO MEDIKAMENT_ZDRAVOTNIK_REL (MEDIKAMENT_KEY, ZAMESTNANEC_KEY) VALUES (2.0,4.0);
INSERT INTO MEDIKAMENT_ZDRAVOTNIK_REL (MEDIKAMENT_KEY, ZAMESTNANEC_KEY) VALUES (3.0,9.0);
INSERT INTO MEDIKAMENT_ZDRAVOTNIK_REL (MEDIKAMENT_KEY, ZAMESTNANEC_KEY) VALUES (4.0,10.0);
INSERT INTO MEDIKAMENT_ZDRAVOTNIK_REL (MEDIKAMENT_KEY, ZAMESTNANEC_KEY) VALUES (5.0,13.0);
INSERT INTO MEDIKAMENT_ZDRAVOTNIK_REL (MEDIKAMENT_KEY, ZAMESTNANEC_KEY) VALUES (6.0,18.0);
INSERT INTO MEDIKAMENT_ZDRAVOTNIK_REL (MEDIKAMENT_KEY, ZAMESTNANEC_KEY) VALUES (7.0,20.0);
INSERT INTO MEDIKAMENT_ZDRAVOTNIK_REL (MEDIKAMENT_KEY, ZAMESTNANEC_KEY) VALUES (8.0,22.0);
INSERT INTO MEDIKAMENT_ZDRAVOTNIK_REL (MEDIKAMENT_KEY, ZAMESTNANEC_KEY) VALUES (9.0,23.0);
INSERT INTO MEDIKAMENT_ZDRAVOTNIK_REL (MEDIKAMENT_KEY, ZAMESTNANEC_KEY) VALUES (10.0,25.0);
INSERT INTO MEDIKAMENT_ZDRAVOTNIK_REL (MEDIKAMENT_KEY, ZAMESTNANEC_KEY) VALUES (11.0,27.0);
INSERT INTO MEDIKAMENT_ZDRAVOTNIK_REL (MEDIKAMENT_KEY, ZAMESTNANEC_KEY) VALUES (12.0,31.0);
INSERT INTO MEDIKAMENT_ZDRAVOTNIK_REL (MEDIKAMENT_KEY, ZAMESTNANEC_KEY) VALUES (13.0,34.0);
INSERT INTO MEDIKAMENT_ZDRAVOTNIK_REL (MEDIKAMENT_KEY, ZAMESTNANEC_KEY) VALUES (14.0,35.0);
INSERT INTO MEDIKAMENT_ZDRAVOTNIK_REL (MEDIKAMENT_KEY, ZAMESTNANEC_KEY) VALUES (15.0,40.0);
INSERT INTO MEDIKAMENT_ZDRAVOTNIK_REL (MEDIKAMENT_KEY, ZAMESTNANEC_KEY) VALUES (16.0,42.0);
INSERT INTO MEDIKAMENT_ZDRAVOTNIK_REL (MEDIKAMENT_KEY, ZAMESTNANEC_KEY) VALUES (17.0,44.0);
INSERT INTO MEDIKAMENT_ZDRAVOTNIK_REL (MEDIKAMENT_KEY, ZAMESTNANEC_KEY) VALUES (18.0,52.0);
INSERT INTO MEDIKAMENT_ZDRAVOTNIK_REL (MEDIKAMENT_KEY, ZAMESTNANEC_KEY) VALUES (19.0,54.0);
INSERT INTO MEDIKAMENT_ZDRAVOTNIK_REL (MEDIKAMENT_KEY, ZAMESTNANEC_KEY) VALUES (20.0,55.0);
INSERT INTO MEDIKAMENT_ZDRAVOTNIK_REL (MEDIKAMENT_KEY, ZAMESTNANEC_KEY) VALUES (3.0,57.0);
INSERT INTO MEDIKAMENT_ZDRAVOTNIK_REL (MEDIKAMENT_KEY, ZAMESTNANEC_KEY) VALUES (8.0,61.0);


INSERT INTO MISTNOST (MISTNOST_KEY, OZNACENI, ODDELENI_KEY) VALUES (1.0,'46-J',3.0);
INSERT INTO MISTNOST (MISTNOST_KEY, OZNACENI, ODDELENI_KEY) VALUES (2.0,'50-Q',5.0);
INSERT INTO MISTNOST (MISTNOST_KEY, OZNACENI, ODDELENI_KEY) VALUES (3.0,'15-M',8.0);
INSERT INTO MISTNOST (MISTNOST_KEY, OZNACENI, ODDELENI_KEY) VALUES (4.0,'35-D',8.0);
INSERT INTO MISTNOST (MISTNOST_KEY, OZNACENI, ODDELENI_KEY) VALUES (5.0,'95-W',8.0);
INSERT INTO MISTNOST (MISTNOST_KEY, OZNACENI, ODDELENI_KEY) VALUES (6.0,'97-X',3.0);
INSERT INTO MISTNOST (MISTNOST_KEY, OZNACENI, ODDELENI_KEY) VALUES (7.0,'79-I',6.0);
INSERT INTO MISTNOST (MISTNOST_KEY, OZNACENI, ODDELENI_KEY) VALUES (8.0,'10-S',3.0);
INSERT INTO MISTNOST (MISTNOST_KEY, OZNACENI, ODDELENI_KEY) VALUES (9.0,'73-J',5.0);
INSERT INTO MISTNOST (MISTNOST_KEY, OZNACENI, ODDELENI_KEY) VALUES (10.0,'06-E',4.0);
INSERT INTO MISTNOST (MISTNOST_KEY, OZNACENI, ODDELENI_KEY) VALUES (11.0,'62-J',5.0);
INSERT INTO MISTNOST (MISTNOST_KEY, OZNACENI, ODDELENI_KEY) VALUES (12.0,'00-M',3.0);
INSERT INTO MISTNOST (MISTNOST_KEY, OZNACENI, ODDELENI_KEY) VALUES (13.0,'95-O',8.0);
INSERT INTO MISTNOST (MISTNOST_KEY, OZNACENI, ODDELENI_KEY) VALUES (14.0,'19-E',2.0);
INSERT INTO MISTNOST (MISTNOST_KEY, OZNACENI, ODDELENI_KEY) VALUES (15.0,'58-O',1.0);
INSERT INTO MISTNOST (MISTNOST_KEY, OZNACENI, ODDELENI_KEY) VALUES (16.0,'32-G',5.0);
INSERT INTO MISTNOST (MISTNOST_KEY, OZNACENI, ODDELENI_KEY) VALUES (17.0,'70-X',5.0);
INSERT INTO MISTNOST (MISTNOST_KEY, OZNACENI, ODDELENI_KEY) VALUES (18.0,'15-X',8.0);
INSERT INTO MISTNOST (MISTNOST_KEY, OZNACENI, ODDELENI_KEY) VALUES (19.0,'03-N',6.0);
INSERT INTO MISTNOST (MISTNOST_KEY, OZNACENI, ODDELENI_KEY) VALUES (20.0,'20-L',1.0);
INSERT INTO MISTNOST (MISTNOST_KEY, OZNACENI, ODDELENI_KEY) VALUES (21.0,'76-T',3.0);
INSERT INTO MISTNOST (MISTNOST_KEY, OZNACENI, ODDELENI_KEY) VALUES (22.0,'04-T',2.0);
INSERT INTO MISTNOST (MISTNOST_KEY, OZNACENI, ODDELENI_KEY) VALUES (23.0,'35-Q',8.0);
INSERT INTO MISTNOST (MISTNOST_KEY, OZNACENI, ODDELENI_KEY) VALUES (24.0,'98-J',3.0);
INSERT INTO MISTNOST (MISTNOST_KEY, OZNACENI, ODDELENI_KEY) VALUES (25.0,'26-E',4.0);
INSERT INTO MISTNOST (MISTNOST_KEY, OZNACENI, ODDELENI_KEY) VALUES (26.0,'72-A',2.0);
INSERT INTO MISTNOST (MISTNOST_KEY, OZNACENI, ODDELENI_KEY) VALUES (27.0,'81-O',8.0);
INSERT INTO MISTNOST (MISTNOST_KEY, OZNACENI, ODDELENI_KEY) VALUES (28.0,'53-Z',1.0);
INSERT INTO MISTNOST (MISTNOST_KEY, OZNACENI, ODDELENI_KEY) VALUES (29.0,'63-G',2.0);
INSERT INTO MISTNOST (MISTNOST_KEY, OZNACENI, ODDELENI_KEY) VALUES (30.0,'11-O',7.0);
INSERT INTO MISTNOST (MISTNOST_KEY, OZNACENI, ODDELENI_KEY) VALUES (31.0,'97-W',1.0);
INSERT INTO MISTNOST (MISTNOST_KEY, OZNACENI, ODDELENI_KEY) VALUES (32.0,'24-I',7.0);
INSERT INTO MISTNOST (MISTNOST_KEY, OZNACENI, ODDELENI_KEY) VALUES (33.0,'09-X',6.0);
INSERT INTO MISTNOST (MISTNOST_KEY, OZNACENI, ODDELENI_KEY) VALUES (34.0,'71-F',6.0);
INSERT INTO MISTNOST (MISTNOST_KEY, OZNACENI, ODDELENI_KEY) VALUES (35.0,'18-W',3.0);
INSERT INTO MISTNOST (MISTNOST_KEY, OZNACENI, ODDELENI_KEY) VALUES (36.0,'05-H',3.0);
INSERT INTO MISTNOST (MISTNOST_KEY, OZNACENI, ODDELENI_KEY) VALUES (37.0,'38-M',4.0);
INSERT INTO MISTNOST (MISTNOST_KEY, OZNACENI, ODDELENI_KEY) VALUES (38.0,'86-N',2.0);
INSERT INTO MISTNOST (MISTNOST_KEY, OZNACENI, ODDELENI_KEY) VALUES (39.0,'39-Y',1.0);
INSERT INTO MISTNOST (MISTNOST_KEY, OZNACENI, ODDELENI_KEY) VALUES (40.0,'93-E',1.0);
INSERT INTO MISTNOST (MISTNOST_KEY, OZNACENI, ODDELENI_KEY) VALUES (41.0,'88-V',3.0);
INSERT INTO MISTNOST (MISTNOST_KEY, OZNACENI, ODDELENI_KEY) VALUES (42.0,'49-V',2.0);
INSERT INTO MISTNOST (MISTNOST_KEY, OZNACENI, ODDELENI_KEY) VALUES (43.0,'79-T',4.0);
INSERT INTO MISTNOST (MISTNOST_KEY, OZNACENI, ODDELENI_KEY) VALUES (44.0,'81-F',3.0);
INSERT INTO MISTNOST (MISTNOST_KEY, OZNACENI, ODDELENI_KEY) VALUES (45.0,'44-U',2.0);
INSERT INTO MISTNOST (MISTNOST_KEY, OZNACENI, ODDELENI_KEY) VALUES (46.0,'13-K',5.0);
INSERT INTO MISTNOST (MISTNOST_KEY, OZNACENI, ODDELENI_KEY) VALUES (47.0,'97-L',1.0);
INSERT INTO MISTNOST (MISTNOST_KEY, OZNACENI, ODDELENI_KEY) VALUES (48.0,'11-U',3.0);
INSERT INTO MISTNOST (MISTNOST_KEY, OZNACENI, ODDELENI_KEY) VALUES (49.0,'25-R',4.0);
INSERT INTO MISTNOST (MISTNOST_KEY, OZNACENI, ODDELENI_KEY) VALUES (50.0,'76-O',4.0);
INSERT INTO MISTNOST (MISTNOST_KEY, OZNACENI, ODDELENI_KEY) VALUES (51.0,'73-T',5.0);
INSERT INTO MISTNOST (MISTNOST_KEY, OZNACENI, ODDELENI_KEY) VALUES (52.0,'28-X',4.0);
INSERT INTO MISTNOST (MISTNOST_KEY, OZNACENI, ODDELENI_KEY) VALUES (53.0,'78-E',8.0);
INSERT INTO MISTNOST (MISTNOST_KEY, OZNACENI, ODDELENI_KEY) VALUES (54.0,'65-H',4.0);
INSERT INTO MISTNOST (MISTNOST_KEY, OZNACENI, ODDELENI_KEY) VALUES (55.0,'30-G',7.0);
INSERT INTO MISTNOST (MISTNOST_KEY, OZNACENI, ODDELENI_KEY) VALUES (56.0,'15-U',4.0);
INSERT INTO MISTNOST (MISTNOST_KEY, OZNACENI, ODDELENI_KEY) VALUES (57.0,'62-H',4.0);
INSERT INTO MISTNOST (MISTNOST_KEY, OZNACENI, ODDELENI_KEY) VALUES (58.0,'48-P',6.0);
INSERT INTO MISTNOST (MISTNOST_KEY, OZNACENI, ODDELENI_KEY) VALUES (59.0,'09-W',1.0);
INSERT INTO MISTNOST (MISTNOST_KEY, OZNACENI, ODDELENI_KEY) VALUES (60.0,'00-U',8.0);
INSERT INTO MISTNOST (MISTNOST_KEY, OZNACENI, ODDELENI_KEY) VALUES (61.0,'13-P',5.0);
INSERT INTO MISTNOST (MISTNOST_KEY, OZNACENI, ODDELENI_KEY) VALUES (62.0,'92-U',5.0);
INSERT INTO MISTNOST (MISTNOST_KEY, OZNACENI, ODDELENI_KEY) VALUES (63.0,'71-H',3.0);
INSERT INTO MISTNOST (MISTNOST_KEY, OZNACENI, ODDELENI_KEY) VALUES (64.0,'26-Q',6.0);
INSERT INTO MISTNOST (MISTNOST_KEY, OZNACENI, ODDELENI_KEY) VALUES (65.0,'69-D',8.0);
INSERT INTO MISTNOST (MISTNOST_KEY, OZNACENI, ODDELENI_KEY) VALUES (66.0,'15-A',3.0);
INSERT INTO MISTNOST (MISTNOST_KEY, OZNACENI, ODDELENI_KEY) VALUES (67.0,'99-H',6.0);
INSERT INTO MISTNOST (MISTNOST_KEY, OZNACENI, ODDELENI_KEY) VALUES (68.0,'60-G',1.0);
INSERT INTO MISTNOST (MISTNOST_KEY, OZNACENI, ODDELENI_KEY) VALUES (69.0,'73-M',8.0);
INSERT INTO MISTNOST (MISTNOST_KEY, OZNACENI, ODDELENI_KEY) VALUES (70.0,'39-X',3.0);
INSERT INTO MISTNOST (MISTNOST_KEY, OZNACENI, ODDELENI_KEY) VALUES (71.0,'16-C',1.0);
INSERT INTO MISTNOST (MISTNOST_KEY, OZNACENI, ODDELENI_KEY) VALUES (72.0,'07-D',3.0);
INSERT INTO MISTNOST (MISTNOST_KEY, OZNACENI, ODDELENI_KEY) VALUES (73.0,'23-L',5.0);
INSERT INTO MISTNOST (MISTNOST_KEY, OZNACENI, ODDELENI_KEY) VALUES (74.0,'94-F',2.0);
INSERT INTO MISTNOST (MISTNOST_KEY, OZNACENI, ODDELENI_KEY) VALUES (75.0,'22-X',4.0);
INSERT INTO MISTNOST (MISTNOST_KEY, OZNACENI, ODDELENI_KEY) VALUES (76.0,'44-R',5.0);
INSERT INTO MISTNOST (MISTNOST_KEY, OZNACENI, ODDELENI_KEY) VALUES (77.0,'38-N',7.0);
INSERT INTO MISTNOST (MISTNOST_KEY, OZNACENI, ODDELENI_KEY) VALUES (78.0,'52-Z',3.0);
INSERT INTO MISTNOST (MISTNOST_KEY, OZNACENI, ODDELENI_KEY) VALUES (79.0,'42-M',7.0);
INSERT INTO MISTNOST (MISTNOST_KEY, OZNACENI, ODDELENI_KEY) VALUES (80.0,'92-E',2.0);
INSERT INTO MISTNOST (MISTNOST_KEY, OZNACENI, ODDELENI_KEY) VALUES (81.0,'82-W',1.0);
INSERT INTO MISTNOST (MISTNOST_KEY, OZNACENI, ODDELENI_KEY) VALUES (82.0,'51-M',7.0);
INSERT INTO MISTNOST (MISTNOST_KEY, OZNACENI, ODDELENI_KEY) VALUES (83.0,'49-S',2.0);
INSERT INTO MISTNOST (MISTNOST_KEY, OZNACENI, ODDELENI_KEY) VALUES (84.0,'84-Z',6.0);
INSERT INTO MISTNOST (MISTNOST_KEY, OZNACENI, ODDELENI_KEY) VALUES (85.0,'21-D',5.0);
INSERT INTO MISTNOST (MISTNOST_KEY, OZNACENI, ODDELENI_KEY) VALUES (86.0,'64-O',6.0);
INSERT INTO MISTNOST (MISTNOST_KEY, OZNACENI, ODDELENI_KEY) VALUES (87.0,'71-W',2.0);
INSERT INTO MISTNOST (MISTNOST_KEY, OZNACENI, ODDELENI_KEY) VALUES (88.0,'17-Y',8.0);
INSERT INTO MISTNOST (MISTNOST_KEY, OZNACENI, ODDELENI_KEY) VALUES (89.0,'65-W',3.0);
INSERT INTO MISTNOST (MISTNOST_KEY, OZNACENI, ODDELENI_KEY) VALUES (90.0,'53-J',5.0);
INSERT INTO MISTNOST (MISTNOST_KEY, OZNACENI, ODDELENI_KEY) VALUES (91.0,'05-Y',1.0);
INSERT INTO MISTNOST (MISTNOST_KEY, OZNACENI, ODDELENI_KEY) VALUES (92.0,'59-B',7.0);
INSERT INTO MISTNOST (MISTNOST_KEY, OZNACENI, ODDELENI_KEY) VALUES (93.0,'54-Z',5.0);
INSERT INTO MISTNOST (MISTNOST_KEY, OZNACENI, ODDELENI_KEY) VALUES (94.0,'24-T',3.0);
INSERT INTO MISTNOST (MISTNOST_KEY, OZNACENI, ODDELENI_KEY) VALUES (95.0,'39-A',6.0);
INSERT INTO MISTNOST (MISTNOST_KEY, OZNACENI, ODDELENI_KEY) VALUES (96.0,'18-U',6.0);
INSERT INTO MISTNOST (MISTNOST_KEY, OZNACENI, ODDELENI_KEY) VALUES (97.0,'34-R',8.0);
INSERT INTO MISTNOST (MISTNOST_KEY, OZNACENI, ODDELENI_KEY) VALUES (98.0,'76-U',4.0);
INSERT INTO MISTNOST (MISTNOST_KEY, OZNACENI, ODDELENI_KEY) VALUES (99.0,'27-A',5.0);
INSERT INTO MISTNOST (MISTNOST_KEY, OZNACENI, ODDELENI_KEY) VALUES (100.0,'81-D',6.0);


INSERT INTO NAVSTEVA (NAVSTEVA_KEY, DATUM, POZNAMKA, PACIENT_KEY, MISTNOST_KEY) VALUES (1.0,to_date('27-08-2018 09:31:55', 'DD-MM-RR HH24:MI:SS'),NULL,1.0,91.0);
INSERT INTO NAVSTEVA (NAVSTEVA_KEY, DATUM, POZNAMKA, PACIENT_KEY, MISTNOST_KEY) VALUES (2.0,to_date('19-03-2020 18:58:36', 'DD-MM-RR HH24:MI:SS'),NULL,2.0,96.0);
INSERT INTO NAVSTEVA (NAVSTEVA_KEY, DATUM, POZNAMKA, PACIENT_KEY, MISTNOST_KEY) VALUES (3.0,to_date('12-01-2020 21:10:46', 'DD-MM-RR HH24:MI:SS'),NULL,3.0,94.0);
INSERT INTO NAVSTEVA (NAVSTEVA_KEY, DATUM, POZNAMKA, PACIENT_KEY, MISTNOST_KEY) VALUES (5.0,to_date('09-12-2019 09:32:41', 'DD-MM-RR HH24:MI:SS'),'agrese pacienta',5.0,81.0);
INSERT INTO NAVSTEVA (NAVSTEVA_KEY, DATUM, POZNAMKA, PACIENT_KEY, MISTNOST_KEY) VALUES (6.0,to_date('06-04-2019 13:40:10', 'DD-MM-RR HH24:MI:SS'),NULL,6.0,74.0);
INSERT INTO NAVSTEVA (NAVSTEVA_KEY, DATUM, POZNAMKA, PACIENT_KEY, MISTNOST_KEY) VALUES (7.0,to_date('05-06-2019 09:14:26', 'DD-MM-RR HH24:MI:SS'),NULL,7.0,100.0);
INSERT INTO NAVSTEVA (NAVSTEVA_KEY, DATUM, POZNAMKA, PACIENT_KEY, MISTNOST_KEY) VALUES (8.0,to_date('01-12-2018 01:56:38', 'DD-MM-RR HH24:MI:SS'),'poruseni pravidel',8.0,88.0);
INSERT INTO NAVSTEVA (NAVSTEVA_KEY, DATUM, POZNAMKA, PACIENT_KEY, MISTNOST_KEY) VALUES (9.0,to_date('07-05-2018 19:55:18', 'DD-MM-RR HH24:MI:SS'),NULL,9.0,94.0);
INSERT INTO NAVSTEVA (NAVSTEVA_KEY, DATUM, POZNAMKA, PACIENT_KEY, MISTNOST_KEY) VALUES (10.0,to_date('21-02-2019 20:50:09', 'DD-MM-RR HH24:MI:SS'),NULL,10.0,100.0);
INSERT INTO NAVSTEVA (NAVSTEVA_KEY, DATUM, POZNAMKA, PACIENT_KEY, MISTNOST_KEY) VALUES (11.0,to_date('19-01-2020 12:25:40', 'DD-MM-RR HH24:MI:SS'),'bez problemu',11.0,81.0);
INSERT INTO NAVSTEVA (NAVSTEVA_KEY, DATUM, POZNAMKA, PACIENT_KEY, MISTNOST_KEY) VALUES (12.0,to_date('26-07-2018 15:09:57', 'DD-MM-RR HH24:MI:SS'),'predcasne ukonceni',12.0,95.0);
INSERT INTO NAVSTEVA (NAVSTEVA_KEY, DATUM, POZNAMKA, PACIENT_KEY, MISTNOST_KEY) VALUES (13.0,to_date('16-07-2018 23:38:25', 'DD-MM-RR HH24:MI:SS'),NULL,13.0,96.0);
INSERT INTO NAVSTEVA (NAVSTEVA_KEY, DATUM, POZNAMKA, PACIENT_KEY, MISTNOST_KEY) VALUES (14.0,to_date('13-06-2019 21:04:45', 'DD-MM-RR HH24:MI:SS'),'bez problemu',14.0,72.0);
INSERT INTO NAVSTEVA (NAVSTEVA_KEY, DATUM, POZNAMKA, PACIENT_KEY, MISTNOST_KEY) VALUES (15.0,to_date('14-12-2018 20:32:53', 'DD-MM-RR HH24:MI:SS'),NULL,15.0,98.0);
INSERT INTO NAVSTEVA (NAVSTEVA_KEY, DATUM, POZNAMKA, PACIENT_KEY, MISTNOST_KEY) VALUES (16.0,to_date('21-02-2019 20:52:29', 'DD-MM-RR HH24:MI:SS'),NULL,16.0,96.0);
INSERT INTO NAVSTEVA (NAVSTEVA_KEY, DATUM, POZNAMKA, PACIENT_KEY, MISTNOST_KEY) VALUES (17.0,to_date('06-07-2018 08:40:48', 'DD-MM-RR HH24:MI:SS'),'pokus o utek',17.0,69.0);
INSERT INTO NAVSTEVA (NAVSTEVA_KEY, DATUM, POZNAMKA, PACIENT_KEY, MISTNOST_KEY) VALUES (18.0,to_date('08-07-2018 05:45:47', 'DD-MM-RR HH24:MI:SS'),NULL,18.0,68.0);
INSERT INTO NAVSTEVA (NAVSTEVA_KEY, DATUM, POZNAMKA, PACIENT_KEY, MISTNOST_KEY) VALUES (19.0,to_date('30-01-2019 22:10:35', 'DD-MM-RR HH24:MI:SS'),'agrese pacienta',19.0,99.0);
INSERT INTO NAVSTEVA (NAVSTEVA_KEY, DATUM, POZNAMKA, PACIENT_KEY, MISTNOST_KEY) VALUES (20.0,to_date('20-04-2019 13:27:09', 'DD-MM-RR HH24:MI:SS'),NULL,20.0,85.0);
INSERT INTO NAVSTEVA (NAVSTEVA_KEY, DATUM, POZNAMKA, PACIENT_KEY, MISTNOST_KEY) VALUES (21.0,to_date('16-12-2019 11:52:40', 'DD-MM-RR HH24:MI:SS'),NULL,1.0,91.0);
INSERT INTO NAVSTEVA (NAVSTEVA_KEY, DATUM, POZNAMKA, PACIENT_KEY, MISTNOST_KEY) VALUES (22.0,to_date('18-06-2019 09:00:16', 'DD-MM-RR HH24:MI:SS'),NULL,2.0,96.0);
INSERT INTO NAVSTEVA (NAVSTEVA_KEY, DATUM, POZNAMKA, PACIENT_KEY, MISTNOST_KEY) VALUES (23.0,to_date('09-02-2019 04:13:32', 'DD-MM-RR HH24:MI:SS'),NULL,7.0,100.0);
INSERT INTO NAVSTEVA (NAVSTEVA_KEY, DATUM, POZNAMKA, PACIENT_KEY, MISTNOST_KEY) VALUES (24.0,to_date('10-01-2020 03:07:04', 'DD-MM-RR HH24:MI:SS'),NULL,9.0,94.0);
INSERT INTO NAVSTEVA (NAVSTEVA_KEY, DATUM, POZNAMKA, PACIENT_KEY, MISTNOST_KEY) VALUES (25.0,to_date('29-11-2018 06:33:57', 'DD-MM-RR HH24:MI:SS'),'bez problemu',9.0,94.0);
INSERT INTO NAVSTEVA (NAVSTEVA_KEY, DATUM, POZNAMKA, PACIENT_KEY, MISTNOST_KEY) VALUES (26.0,to_date('20-01-2019 04:07:39', 'DD-MM-RR HH24:MI:SS'),'bez problemu',3.0,94.0);
INSERT INTO NAVSTEVA (NAVSTEVA_KEY, DATUM, POZNAMKA, PACIENT_KEY, MISTNOST_KEY) VALUES (27.0,to_date('31-08-2019 13:34:22', 'DD-MM-RR HH24:MI:SS'),NULL,10.0,100.0);



INSERT INTO NAVSTEVNIK (NAVSTEVNIK_KEY, OSOBNI_CISLO, JMENO, PRIJMENI, POCET_NAVSTEV, NAVSTEVA_KEY) VALUES (1.0,1658042533299,'Justin','Head',21.0,1.0);
INSERT INTO NAVSTEVNIK (NAVSTEVNIK_KEY, OSOBNI_CISLO, JMENO, PRIJMENI, POCET_NAVSTEV, NAVSTEVA_KEY) VALUES (2.0,1688062729299,'Maris','Pratt',123.0,2.0);
INSERT INTO NAVSTEVNIK (NAVSTEVNIK_KEY, OSOBNI_CISLO, JMENO, PRIJMENI, POCET_NAVSTEV, NAVSTEVA_KEY) VALUES (3.0,1614030245299,'Olympia','Foster',129.0,3.0);
INSERT INTO NAVSTEVNIK (NAVSTEVNIK_KEY, OSOBNI_CISLO, JMENO, PRIJMENI, POCET_NAVSTEV, NAVSTEVA_KEY) VALUES (4.0,1631042794899,'Abraham','Hancock',118.0,NULL);
INSERT INTO NAVSTEVNIK (NAVSTEVNIK_KEY, OSOBNI_CISLO, JMENO, PRIJMENI, POCET_NAVSTEV, NAVSTEVA_KEY) VALUES (5.0,1633031496699,'Emerson','Gonzalez',126.0,5.0);
INSERT INTO NAVSTEVNIK (NAVSTEVNIK_KEY, OSOBNI_CISLO, JMENO, PRIJMENI, POCET_NAVSTEV, NAVSTEVA_KEY) VALUES (6.0,1614020578099,'Chaim','Smith',172.0,6.0);
INSERT INTO NAVSTEVNIK (NAVSTEVNIK_KEY, OSOBNI_CISLO, JMENO, PRIJMENI, POCET_NAVSTEV, NAVSTEVA_KEY) VALUES (7.0,1612070143599,'Kylan','Nicholson',236.0,7.0);
INSERT INTO NAVSTEVNIK (NAVSTEVNIK_KEY, OSOBNI_CISLO, JMENO, PRIJMENI, POCET_NAVSTEV, NAVSTEVA_KEY) VALUES (8.0,1687012249099,'Emmanuel','Ortiz',364.0,8.0);
INSERT INTO NAVSTEVNIK (NAVSTEVNIK_KEY, OSOBNI_CISLO, JMENO, PRIJMENI, POCET_NAVSTEV, NAVSTEVA_KEY) VALUES (9.0,1603052949399,'Martina','Kirkland',429.0,9.0);
INSERT INTO NAVSTEVNIK (NAVSTEVNIK_KEY, OSOBNI_CISLO, JMENO, PRIJMENI, POCET_NAVSTEV, NAVSTEVA_KEY) VALUES (10.0,1656010266899,'Blaine','Schmidt',216.0,10.0);
INSERT INTO NAVSTEVNIK (NAVSTEVNIK_KEY, OSOBNI_CISLO, JMENO, PRIJMENI, POCET_NAVSTEV, NAVSTEVA_KEY) VALUES (11.0,1677042770299,'Regan','Campbell',198.0,11.0);
INSERT INTO NAVSTEVNIK (NAVSTEVNIK_KEY, OSOBNI_CISLO, JMENO, PRIJMENI, POCET_NAVSTEV, NAVSTEVA_KEY) VALUES (12.0,1691042162799,'Upton','Dickerson',464.0,12.0);
INSERT INTO NAVSTEVNIK (NAVSTEVNIK_KEY, OSOBNI_CISLO, JMENO, PRIJMENI, POCET_NAVSTEV, NAVSTEVA_KEY) VALUES (13.0,1637082468099,'Patrick','Whitney',67.0,13.0);
INSERT INTO NAVSTEVNIK (NAVSTEVNIK_KEY, OSOBNI_CISLO, JMENO, PRIJMENI, POCET_NAVSTEV, NAVSTEVA_KEY) VALUES (14.0,1633061759699,'Judith','Le',101.0,14.0);
INSERT INTO NAVSTEVNIK (NAVSTEVNIK_KEY, OSOBNI_CISLO, JMENO, PRIJMENI, POCET_NAVSTEV, NAVSTEVA_KEY) VALUES (15.0,1613020939299,'Hunter','Green',67.0,15.0);
INSERT INTO NAVSTEVNIK (NAVSTEVNIK_KEY, OSOBNI_CISLO, JMENO, PRIJMENI, POCET_NAVSTEV, NAVSTEVA_KEY) VALUES (16.0,1642032837499,'Duncan','Bowman',180.0,16.0);
INSERT INTO NAVSTEVNIK (NAVSTEVNIK_KEY, OSOBNI_CISLO, JMENO, PRIJMENI, POCET_NAVSTEV, NAVSTEVA_KEY) VALUES (17.0,1624080798499,'Clark','Gillespie',360.0,17.0);
INSERT INTO NAVSTEVNIK (NAVSTEVNIK_KEY, OSOBNI_CISLO, JMENO, PRIJMENI, POCET_NAVSTEV, NAVSTEVA_KEY) VALUES (18.0,1618032267799,'Regina','Hahn',482.0,18.0);
INSERT INTO NAVSTEVNIK (NAVSTEVNIK_KEY, OSOBNI_CISLO, JMENO, PRIJMENI, POCET_NAVSTEV, NAVSTEVA_KEY) VALUES (19.0,1687121971999,'Barclay','Sparks',474.0,19.0);
INSERT INTO NAVSTEVNIK (NAVSTEVNIK_KEY, OSOBNI_CISLO, JMENO, PRIJMENI, POCET_NAVSTEV, NAVSTEVA_KEY) VALUES (20.0,1654091736199,'Adrienne','Farley',34.0,20.0);
INSERT INTO NAVSTEVNIK (NAVSTEVNIK_KEY, OSOBNI_CISLO, JMENO, PRIJMENI, POCET_NAVSTEV, NAVSTEVA_KEY) VALUES (21.0,1627020491399,'Travis','Moore',422.0,21.0);
INSERT INTO NAVSTEVNIK (NAVSTEVNIK_KEY, OSOBNI_CISLO, JMENO, PRIJMENI, POCET_NAVSTEV, NAVSTEVA_KEY) VALUES (22.0,1614112437399,'Raja','Gregory',454.0,22.0);
INSERT INTO NAVSTEVNIK (NAVSTEVNIK_KEY, OSOBNI_CISLO, JMENO, PRIJMENI, POCET_NAVSTEV, NAVSTEVA_KEY) VALUES (23.0,1616041380899,'Casey','Anderson',362.0,23.0);
INSERT INTO NAVSTEVNIK (NAVSTEVNIK_KEY, OSOBNI_CISLO, JMENO, PRIJMENI, POCET_NAVSTEV, NAVSTEVA_KEY) VALUES (24.0,1613020820999,'Vivian','Carrillo',467.0,24.0);
INSERT INTO NAVSTEVNIK (NAVSTEVNIK_KEY, OSOBNI_CISLO, JMENO, PRIJMENI, POCET_NAVSTEV, NAVSTEVA_KEY) VALUES (25.0,1632022155099,'Hannah','Mcleod',91.0,25.0);
INSERT INTO NAVSTEVNIK (NAVSTEVNIK_KEY, OSOBNI_CISLO, JMENO, PRIJMENI, POCET_NAVSTEV, NAVSTEVA_KEY) VALUES (26.0,1612081354799,'Ariel','Jackson',133.0,26.0);
INSERT INTO NAVSTEVNIK (NAVSTEVNIK_KEY, OSOBNI_CISLO, JMENO, PRIJMENI, POCET_NAVSTEV, NAVSTEVA_KEY) VALUES (27.0,1611090172999,'Suki','Huff',275.0,27.0);
INSERT INTO NAVSTEVNIK (NAVSTEVNIK_KEY, OSOBNI_CISLO, JMENO, PRIJMENI, POCET_NAVSTEV, NAVSTEVA_KEY) VALUES (28.0,1625060226499,'Vernon','Graham',112.0,NULL);
INSERT INTO NAVSTEVNIK (NAVSTEVNIK_KEY, OSOBNI_CISLO, JMENO, PRIJMENI, POCET_NAVSTEV, NAVSTEVA_KEY) VALUES (29.0,1658070151999,'Russell','Wilkinson',200.0,NULL);
INSERT INTO NAVSTEVNIK (NAVSTEVNIK_KEY, OSOBNI_CISLO, JMENO, PRIJMENI, POCET_NAVSTEV, NAVSTEVA_KEY) VALUES (30.0,1695041356099,'Cassady','Rich',178.0,8.0);
INSERT INTO NAVSTEVNIK (NAVSTEVNIK_KEY, OSOBNI_CISLO, JMENO, PRIJMENI, POCET_NAVSTEV, NAVSTEVA_KEY) VALUES (31.0,1681100404199,'Slade','Sutton',119.0,14.0);
INSERT INTO NAVSTEVNIK (NAVSTEVNIK_KEY, OSOBNI_CISLO, JMENO, PRIJMENI, POCET_NAVSTEV, NAVSTEVA_KEY) VALUES (32.0,1679032362699,'Serina','Quinn',288.0,21.0);
INSERT INTO NAVSTEVNIK (NAVSTEVNIK_KEY, OSOBNI_CISLO, JMENO, PRIJMENI, POCET_NAVSTEV, NAVSTEVA_KEY) VALUES (33.0,1673081210899,'Moses','Tyson',463.0,22.0);
INSERT INTO NAVSTEVNIK (NAVSTEVNIK_KEY, OSOBNI_CISLO, JMENO, PRIJMENI, POCET_NAVSTEV, NAVSTEVA_KEY) VALUES (34.0,1628100217499,'Glenna','Manning',152.0,NULL);
INSERT INTO NAVSTEVNIK (NAVSTEVNIK_KEY, OSOBNI_CISLO, JMENO, PRIJMENI, POCET_NAVSTEV, NAVSTEVA_KEY) VALUES (35.0,1634121097499,'Beverly','Robinson',17.0,NULL);
INSERT INTO NAVSTEVNIK (NAVSTEVNIK_KEY, OSOBNI_CISLO, JMENO, PRIJMENI, POCET_NAVSTEV, NAVSTEVA_KEY) VALUES (36.0,1674022852399,'Cailin','Ware',180.0,NULL);
INSERT INTO NAVSTEVNIK (NAVSTEVNIK_KEY, OSOBNI_CISLO, JMENO, PRIJMENI, POCET_NAVSTEV, NAVSTEVA_KEY) VALUES (37.0,1653030487999,'Suki','Shepherd',426.0,NULL);
INSERT INTO NAVSTEVNIK (NAVSTEVNIK_KEY, OSOBNI_CISLO, JMENO, PRIJMENI, POCET_NAVSTEV, NAVSTEVA_KEY) VALUES (38.0,1643030425499,'Yolanda','Mckee',113.0,NULL);
INSERT INTO NAVSTEVNIK (NAVSTEVNIK_KEY, OSOBNI_CISLO, JMENO, PRIJMENI, POCET_NAVSTEV, NAVSTEVA_KEY) VALUES (39.0,1644101344399,'Paki','Mcfadden',364.0,NULL);
INSERT INTO NAVSTEVNIK (NAVSTEVNIK_KEY, OSOBNI_CISLO, JMENO, PRIJMENI, POCET_NAVSTEV, NAVSTEVA_KEY) VALUES (40.0,1631062941999,'Veda','Bird',40.0,NULL);
INSERT INTO NAVSTEVNIK (NAVSTEVNIK_KEY, OSOBNI_CISLO, JMENO, PRIJMENI, POCET_NAVSTEV, NAVSTEVA_KEY) VALUES (41.0,1617012219499,'Laith','Larson',262.0,NULL);
INSERT INTO NAVSTEVNIK (NAVSTEVNIK_KEY, OSOBNI_CISLO, JMENO, PRIJMENI, POCET_NAVSTEV, NAVSTEVA_KEY) VALUES (42.0,1646053033099,'Zephr','Keller',350.0,NULL);
INSERT INTO NAVSTEVNIK (NAVSTEVNIK_KEY, OSOBNI_CISLO, JMENO, PRIJMENI, POCET_NAVSTEV, NAVSTEVA_KEY) VALUES (43.0,1686070176099,'Macy','Hendricks',423.0,NULL);
INSERT INTO NAVSTEVNIK (NAVSTEVNIK_KEY, OSOBNI_CISLO, JMENO, PRIJMENI, POCET_NAVSTEV, NAVSTEVA_KEY) VALUES (44.0,1670110112799,'Beck','Hill',26.0,NULL);
INSERT INTO NAVSTEVNIK (NAVSTEVNIK_KEY, OSOBNI_CISLO, JMENO, PRIJMENI, POCET_NAVSTEV, NAVSTEVA_KEY) VALUES (45.0,1646122551199,'Courtney','Steele',136.0,NULL);
INSERT INTO NAVSTEVNIK (NAVSTEVNIK_KEY, OSOBNI_CISLO, JMENO, PRIJMENI, POCET_NAVSTEV, NAVSTEVA_KEY) VALUES (46.0,1656031027399,'Coby','Blevins',61.0,NULL);
INSERT INTO NAVSTEVNIK (NAVSTEVNIK_KEY, OSOBNI_CISLO, JMENO, PRIJMENI, POCET_NAVSTEV, NAVSTEVA_KEY) VALUES (47.0,1693112559199,'Hadley','Douglas',333.0,NULL);
INSERT INTO NAVSTEVNIK (NAVSTEVNIK_KEY, OSOBNI_CISLO, JMENO, PRIJMENI, POCET_NAVSTEV, NAVSTEVA_KEY) VALUES (48.0,1603090693499,'Clementine','Joseph',234.0,NULL);
INSERT INTO NAVSTEVNIK (NAVSTEVNIK_KEY, OSOBNI_CISLO, JMENO, PRIJMENI, POCET_NAVSTEV, NAVSTEVA_KEY) VALUES (49.0,1676041749199,'Kamal','Rodriguez',104.0,NULL);
INSERT INTO NAVSTEVNIK (NAVSTEVNIK_KEY, OSOBNI_CISLO, JMENO, PRIJMENI, POCET_NAVSTEV, NAVSTEVA_KEY) VALUES (50.0,1618050833799,'Xaviera','Leon',239.0,NULL);
INSERT INTO NAVSTEVNIK (NAVSTEVNIK_KEY, OSOBNI_CISLO, JMENO, PRIJMENI, POCET_NAVSTEV, NAVSTEVA_KEY) VALUES (51.0,1642032810399,'Willow','Cooke',124.0,NULL);
INSERT INTO NAVSTEVNIK (NAVSTEVNIK_KEY, OSOBNI_CISLO, JMENO, PRIJMENI, POCET_NAVSTEV, NAVSTEVA_KEY) VALUES (52.0,1649031803099,'Inez','Paul',132.0,NULL);
INSERT INTO NAVSTEVNIK (NAVSTEVNIK_KEY, OSOBNI_CISLO, JMENO, PRIJMENI, POCET_NAVSTEV, NAVSTEVA_KEY) VALUES (53.0,1697102986399,'Amela','Bradshaw',85.0,NULL);
INSERT INTO NAVSTEVNIK (NAVSTEVNIK_KEY, OSOBNI_CISLO, JMENO, PRIJMENI, POCET_NAVSTEV, NAVSTEVA_KEY) VALUES (54.0,1622052895499,'Xandra','Osborn',482.0,NULL);
INSERT INTO NAVSTEVNIK (NAVSTEVNIK_KEY, OSOBNI_CISLO, JMENO, PRIJMENI, POCET_NAVSTEV, NAVSTEVA_KEY) VALUES (55.0,1689021749099,'Tarik','Albert',286.0,NULL);
INSERT INTO NAVSTEVNIK (NAVSTEVNIK_KEY, OSOBNI_CISLO, JMENO, PRIJMENI, POCET_NAVSTEV, NAVSTEVA_KEY) VALUES (56.0,1636031491799,'Moana','Bryant',393.0,NULL);
INSERT INTO NAVSTEVNIK (NAVSTEVNIK_KEY, OSOBNI_CISLO, JMENO, PRIJMENI, POCET_NAVSTEV, NAVSTEVA_KEY) VALUES (57.0,1606053000099,'Gloria','Willis',31.0,NULL);
INSERT INTO NAVSTEVNIK (NAVSTEVNIK_KEY, OSOBNI_CISLO, JMENO, PRIJMENI, POCET_NAVSTEV, NAVSTEVA_KEY) VALUES (58.0,1696092035299,'Hu','Leon',191.0,NULL);
INSERT INTO NAVSTEVNIK (NAVSTEVNIK_KEY, OSOBNI_CISLO, JMENO, PRIJMENI, POCET_NAVSTEV, NAVSTEVA_KEY) VALUES (59.0,1644020272899,'Solomon','Haynes',420.0,NULL);
INSERT INTO NAVSTEVNIK (NAVSTEVNIK_KEY, OSOBNI_CISLO, JMENO, PRIJMENI, POCET_NAVSTEV, NAVSTEVA_KEY) VALUES (60.0,1632061500599,'Denton','Ayala',227.0,NULL);
INSERT INTO NAVSTEVNIK (NAVSTEVNIK_KEY, OSOBNI_CISLO, JMENO, PRIJMENI, POCET_NAVSTEV, NAVSTEVA_KEY) VALUES (61.0,1634112851899,'Eugenia','Pugh',293.0,NULL);
INSERT INTO NAVSTEVNIK (NAVSTEVNIK_KEY, OSOBNI_CISLO, JMENO, PRIJMENI, POCET_NAVSTEV, NAVSTEVA_KEY) VALUES (62.0,1683021061899,'Cooper','Castillo',90.0,NULL);
INSERT INTO NAVSTEVNIK (NAVSTEVNIK_KEY, OSOBNI_CISLO, JMENO, PRIJMENI, POCET_NAVSTEV, NAVSTEVA_KEY) VALUES (63.0,1670013067899,'Scarlet','Lindsey',173.0,NULL);
INSERT INTO NAVSTEVNIK (NAVSTEVNIK_KEY, OSOBNI_CISLO, JMENO, PRIJMENI, POCET_NAVSTEV, NAVSTEVA_KEY) VALUES (64.0,1655121568999,'Gannon','Montoya',216.0,NULL);
INSERT INTO NAVSTEVNIK (NAVSTEVNIK_KEY, OSOBNI_CISLO, JMENO, PRIJMENI, POCET_NAVSTEV, NAVSTEVA_KEY) VALUES (65.0,1621112984999,'Hannah','Morris',302.0,NULL);
INSERT INTO NAVSTEVNIK (NAVSTEVNIK_KEY, OSOBNI_CISLO, JMENO, PRIJMENI, POCET_NAVSTEV, NAVSTEVA_KEY) VALUES (66.0,1601052854499,'Dale','Farrell',63.0,NULL);
INSERT INTO NAVSTEVNIK (NAVSTEVNIK_KEY, OSOBNI_CISLO, JMENO, PRIJMENI, POCET_NAVSTEV, NAVSTEVA_KEY) VALUES (67.0,1619070188999,'Kenneth','Torres',321.0,NULL);
INSERT INTO NAVSTEVNIK (NAVSTEVNIK_KEY, OSOBNI_CISLO, JMENO, PRIJMENI, POCET_NAVSTEV, NAVSTEVA_KEY) VALUES (68.0,1660031552099,'Xander','Wright',294.0,NULL);
INSERT INTO NAVSTEVNIK (NAVSTEVNIK_KEY, OSOBNI_CISLO, JMENO, PRIJMENI, POCET_NAVSTEV, NAVSTEVA_KEY) VALUES (69.0,1658030822299,'Russell','Massey',326.0,NULL);
INSERT INTO NAVSTEVNIK (NAVSTEVNIK_KEY, OSOBNI_CISLO, JMENO, PRIJMENI, POCET_NAVSTEV, NAVSTEVA_KEY) VALUES (70.0,1668062483799,'Calista','Wooten',22.0,NULL);
INSERT INTO NAVSTEVNIK (NAVSTEVNIK_KEY, OSOBNI_CISLO, JMENO, PRIJMENI, POCET_NAVSTEV, NAVSTEVA_KEY) VALUES (71.0,1672051418799,'Lila','Burns',217.0,NULL);
INSERT INTO NAVSTEVNIK (NAVSTEVNIK_KEY, OSOBNI_CISLO, JMENO, PRIJMENI, POCET_NAVSTEV, NAVSTEVA_KEY) VALUES (72.0,1646091598599,'Rebekah','Gonzalez',11.0,NULL);
INSERT INTO NAVSTEVNIK (NAVSTEVNIK_KEY, OSOBNI_CISLO, JMENO, PRIJMENI, POCET_NAVSTEV, NAVSTEVA_KEY) VALUES (73.0,1644101473799,'Drew','Steele',91.0,NULL);
INSERT INTO NAVSTEVNIK (NAVSTEVNIK_KEY, OSOBNI_CISLO, JMENO, PRIJMENI, POCET_NAVSTEV, NAVSTEVA_KEY) VALUES (74.0,1611031567499,'Lee','Day',19.0,NULL);
INSERT INTO NAVSTEVNIK (NAVSTEVNIK_KEY, OSOBNI_CISLO, JMENO, PRIJMENI, POCET_NAVSTEV, NAVSTEVA_KEY) VALUES (75.0,1629043099299,'Tyler','Jensen',117.0,NULL);
INSERT INTO NAVSTEVNIK (NAVSTEVNIK_KEY, OSOBNI_CISLO, JMENO, PRIJMENI, POCET_NAVSTEV, NAVSTEVA_KEY) VALUES (76.0,1673072544299,'Laura','Clemons',493.0,NULL);
INSERT INTO NAVSTEVNIK (NAVSTEVNIK_KEY, OSOBNI_CISLO, JMENO, PRIJMENI, POCET_NAVSTEV, NAVSTEVA_KEY) VALUES (77.0,1672040574899,'Nora','Herring',426.0,NULL);
INSERT INTO NAVSTEVNIK (NAVSTEVNIK_KEY, OSOBNI_CISLO, JMENO, PRIJMENI, POCET_NAVSTEV, NAVSTEVA_KEY) VALUES (78.0,1638061578699,'TaShya','Robertson',387.0,NULL);
INSERT INTO NAVSTEVNIK (NAVSTEVNIK_KEY, OSOBNI_CISLO, JMENO, PRIJMENI, POCET_NAVSTEV, NAVSTEVA_KEY) VALUES (79.0,1669121192999,'Simone','Curry',267.0,NULL);
INSERT INTO NAVSTEVNIK (NAVSTEVNIK_KEY, OSOBNI_CISLO, JMENO, PRIJMENI, POCET_NAVSTEV, NAVSTEVA_KEY) VALUES (80.0,1636081741599,'Martina','Schroeder',359.0,NULL);
INSERT INTO NAVSTEVNIK (NAVSTEVNIK_KEY, OSOBNI_CISLO, JMENO, PRIJMENI, POCET_NAVSTEV, NAVSTEVA_KEY) VALUES (81.0,1634032901599,'Jillian','Pena',384.0,NULL);
INSERT INTO NAVSTEVNIK (NAVSTEVNIK_KEY, OSOBNI_CISLO, JMENO, PRIJMENI, POCET_NAVSTEV, NAVSTEVA_KEY) VALUES (82.0,1673062524199,'Colin','Rojas',89.0,NULL);
INSERT INTO NAVSTEVNIK (NAVSTEVNIK_KEY, OSOBNI_CISLO, JMENO, PRIJMENI, POCET_NAVSTEV, NAVSTEVA_KEY) VALUES (83.0,1684090272699,'Natalie','Roy',160.0,NULL);
INSERT INTO NAVSTEVNIK (NAVSTEVNIK_KEY, OSOBNI_CISLO, JMENO, PRIJMENI, POCET_NAVSTEV, NAVSTEVA_KEY) VALUES (84.0,1658112349299,'Alexa','Byrd',33.0,NULL);
INSERT INTO NAVSTEVNIK (NAVSTEVNIK_KEY, OSOBNI_CISLO, JMENO, PRIJMENI, POCET_NAVSTEV, NAVSTEVA_KEY) VALUES (85.0,1641031787499,'Amber','Knight',463.0,NULL);
INSERT INTO NAVSTEVNIK (NAVSTEVNIK_KEY, OSOBNI_CISLO, JMENO, PRIJMENI, POCET_NAVSTEV, NAVSTEVA_KEY) VALUES (86.0,1618112199499,'Erica','Mueller',353.0,NULL);
INSERT INTO NAVSTEVNIK (NAVSTEVNIK_KEY, OSOBNI_CISLO, JMENO, PRIJMENI, POCET_NAVSTEV, NAVSTEVA_KEY) VALUES (87.0,1666121562699,'Martha','Forbes',332.0,NULL);
INSERT INTO NAVSTEVNIK (NAVSTEVNIK_KEY, OSOBNI_CISLO, JMENO, PRIJMENI, POCET_NAVSTEV, NAVSTEVA_KEY) VALUES (88.0,1636122147299,'Dai','Stokes',132.0,NULL);
INSERT INTO NAVSTEVNIK (NAVSTEVNIK_KEY, OSOBNI_CISLO, JMENO, PRIJMENI, POCET_NAVSTEV, NAVSTEVA_KEY) VALUES (89.0,1676110315599,'Maggie','Beach',134.0,NULL);
INSERT INTO NAVSTEVNIK (NAVSTEVNIK_KEY, OSOBNI_CISLO, JMENO, PRIJMENI, POCET_NAVSTEV, NAVSTEVA_KEY) VALUES (90.0,1615072812799,'Jillian','Hampton',277.0,NULL);
INSERT INTO NAVSTEVNIK (NAVSTEVNIK_KEY, OSOBNI_CISLO, JMENO, PRIJMENI, POCET_NAVSTEV, NAVSTEVA_KEY) VALUES (91.0,1684042709699,'Eden','Spence',277.0,NULL);
INSERT INTO NAVSTEVNIK (NAVSTEVNIK_KEY, OSOBNI_CISLO, JMENO, PRIJMENI, POCET_NAVSTEV, NAVSTEVA_KEY) VALUES (92.0,1608051502199,'Vernon','Oconnor',485.0,NULL);
INSERT INTO NAVSTEVNIK (NAVSTEVNIK_KEY, OSOBNI_CISLO, JMENO, PRIJMENI, POCET_NAVSTEV, NAVSTEVA_KEY) VALUES (93.0,1629042135299,'Basia','Jacobs',373.0,NULL);
INSERT INTO NAVSTEVNIK (NAVSTEVNIK_KEY, OSOBNI_CISLO, JMENO, PRIJMENI, POCET_NAVSTEV, NAVSTEVA_KEY) VALUES (94.0,1660031256099,'Marsden','Obrien',220.0,NULL);
INSERT INTO NAVSTEVNIK (NAVSTEVNIK_KEY, OSOBNI_CISLO, JMENO, PRIJMENI, POCET_NAVSTEV, NAVSTEVA_KEY) VALUES (95.0,1618121655299,'Jermaine','Shaw',95.0,NULL);
INSERT INTO NAVSTEVNIK (NAVSTEVNIK_KEY, OSOBNI_CISLO, JMENO, PRIJMENI, POCET_NAVSTEV, NAVSTEVA_KEY) VALUES (96.0,1606120570499,'Alexis','Cook',84.0,NULL);
INSERT INTO NAVSTEVNIK (NAVSTEVNIK_KEY, OSOBNI_CISLO, JMENO, PRIJMENI, POCET_NAVSTEV, NAVSTEVA_KEY) VALUES (97.0,1600092286799,'Hashim','Dickerson',434.0,NULL);
INSERT INTO NAVSTEVNIK (NAVSTEVNIK_KEY, OSOBNI_CISLO, JMENO, PRIJMENI, POCET_NAVSTEV, NAVSTEVA_KEY) VALUES (98.0,1621062404399,'Barrett','Payne',123.0,NULL);
INSERT INTO NAVSTEVNIK (NAVSTEVNIK_KEY, OSOBNI_CISLO, JMENO, PRIJMENI, POCET_NAVSTEV, NAVSTEVA_KEY) VALUES (99.0,1658061323299,'Danielle','Jacobson',119.0,NULL);
INSERT INTO NAVSTEVNIK (NAVSTEVNIK_KEY, OSOBNI_CISLO, JMENO, PRIJMENI, POCET_NAVSTEV, NAVSTEVA_KEY) VALUES (100.0,1604072397299,'Bryar','Figueroa',35.0,NULL);


INSERT INTO ODDELENI (ODDELENI_KEY, CISLO, DIAGNOSTIKA) VALUES (4.0,4.0,'Zdravotne socialni oddeleni');
INSERT INTO ODDELENI (ODDELENI_KEY, CISLO, DIAGNOSTIKA) VALUES (7.0,7.0,'Zahrada');
INSERT INTO ODDELENI (ODDELENI_KEY, CISLO, DIAGNOSTIKA) VALUES (8.0,8.0,'Spravni komplex');
INSERT INTO ODDELENI (ODDELENI_KEY, CISLO, DIAGNOSTIKA) VALUES (5.0,5.0,'Socioterapeuticka farma');
INSERT INTO ODDELENI (ODDELENI_KEY, CISLO, DIAGNOSTIKA) VALUES (3.0,3.0,'Sexuologie');
INSERT INTO ODDELENI (ODDELENI_KEY, CISLO, DIAGNOSTIKA) VALUES (2.0,2.0,'Neurologie');
INSERT INTO ODDELENI (ODDELENI_KEY, CISLO, DIAGNOSTIKA) VALUES (6.0,6.0,'Jidelna');
INSERT INTO ODDELENI (ODDELENI_KEY, CISLO, DIAGNOSTIKA) VALUES (1.0,1.0,'Centralni terapie');



INSERT INTO ORDINACE (NAZEV, ZEMERENI, MISTNOST_KEY) VALUES ('D05','Testologie',1.0);
INSERT INTO ORDINACE (NAZEV, ZEMERENI, MISTNOST_KEY) VALUES ('G33','Chirurgie',2.0);
INSERT INTO ORDINACE (NAZEV, ZEMERENI, MISTNOST_KEY) VALUES ('W68','Testologie',3.0);
INSERT INTO ORDINACE (NAZEV, ZEMERENI, MISTNOST_KEY) VALUES ('W41','Chirurgie',4.0);
INSERT INTO ORDINACE (NAZEV, ZEMERENI, MISTNOST_KEY) VALUES ('M58','Progtestologie',5.0);
INSERT INTO ORDINACE (NAZEV, ZEMERENI, MISTNOST_KEY) VALUES ('S76','Proktologie',6.0);
INSERT INTO ORDINACE (NAZEV, ZEMERENI, MISTNOST_KEY) VALUES ('B09','Gynekologie',7.0);
INSERT INTO ORDINACE (NAZEV, ZEMERENI, MISTNOST_KEY) VALUES ('N71','Testologie',8.0);
INSERT INTO ORDINACE (NAZEV, ZEMERENI, MISTNOST_KEY) VALUES ('Y78','Chirurgie',9.0);
INSERT INTO ORDINACE (NAZEV, ZEMERENI, MISTNOST_KEY) VALUES ('L68','Randomologie',10.0);
INSERT INTO ORDINACE (NAZEV, ZEMERENI, MISTNOST_KEY) VALUES ('H06','Urologie',11.0);
INSERT INTO ORDINACE (NAZEV, ZEMERENI, MISTNOST_KEY) VALUES ('I44','Chirurgie',12.0);
INSERT INTO ORDINACE (NAZEV, ZEMERENI, MISTNOST_KEY) VALUES ('U83','Gynekologie',13.0);
INSERT INTO ORDINACE (NAZEV, ZEMERENI, MISTNOST_KEY) VALUES ('C45','Urologie',14.0);
INSERT INTO ORDINACE (NAZEV, ZEMERENI, MISTNOST_KEY) VALUES ('D06','Urologie',15.0);
INSERT INTO ORDINACE (NAZEV, ZEMERENI, MISTNOST_KEY) VALUES ('G33','Randomologie',16.0);
INSERT INTO ORDINACE (NAZEV, ZEMERENI, MISTNOST_KEY) VALUES ('J93','Randomologie',17.0);
INSERT INTO ORDINACE (NAZEV, ZEMERENI, MISTNOST_KEY) VALUES ('P60','Chirurgie',18.0);
INSERT INTO ORDINACE (NAZEV, ZEMERENI, MISTNOST_KEY) VALUES ('R64','Urologie',19.0);
INSERT INTO ORDINACE (NAZEV, ZEMERENI, MISTNOST_KEY) VALUES ('T91','Stomatologie',20.0);
INSERT INTO ORDINACE (NAZEV, ZEMERENI, MISTNOST_KEY) VALUES ('S74','Stomatologie',21.0);
INSERT INTO ORDINACE (NAZEV, ZEMERENI, MISTNOST_KEY) VALUES ('T31','Urologie',22.0);
INSERT INTO ORDINACE (NAZEV, ZEMERENI, MISTNOST_KEY) VALUES ('Z61','Testologie',23.0);
INSERT INTO ORDINACE (NAZEV, ZEMERENI, MISTNOST_KEY) VALUES ('L92','Urologie',24.0);
INSERT INTO ORDINACE (NAZEV, ZEMERENI, MISTNOST_KEY) VALUES ('Z61','Chirurgie',25.0);
INSERT INTO ORDINACE (NAZEV, ZEMERENI, MISTNOST_KEY) VALUES ('E33','Chirurgie',26.0);
INSERT INTO ORDINACE (NAZEV, ZEMERENI, MISTNOST_KEY) VALUES ('Q25','Stomatologie',27.0);
INSERT INTO ORDINACE (NAZEV, ZEMERENI, MISTNOST_KEY) VALUES ('Z82','Progtestologie',28.0);
INSERT INTO ORDINACE (NAZEV, ZEMERENI, MISTNOST_KEY) VALUES ('I55','Proktologie',29.0);
INSERT INTO ORDINACE (NAZEV, ZEMERENI, MISTNOST_KEY) VALUES ('O19','Gynekologie',30.0);
INSERT INTO ORDINACE (NAZEV, ZEMERENI, MISTNOST_KEY) VALUES ('J10','Gynekologie',31.0);
INSERT INTO ORDINACE (NAZEV, ZEMERENI, MISTNOST_KEY) VALUES ('D28','Stomatologie',32.0);
INSERT INTO ORDINACE (NAZEV, ZEMERENI, MISTNOST_KEY) VALUES ('R53','Randomologie',33.0);



INSERT INTO OZDRAVOVNA (UCEL, POZNAMKA, MISTNOST_KEY) VALUES ('ZMAtek','zapach',34.0);
INSERT INTO OZDRAVOVNA (UCEL, POZNAMKA, MISTNOST_KEY) VALUES ('ZMAtek',NULL,35.0);
INSERT INTO OZDRAVOVNA (UCEL, POZNAMKA, MISTNOST_KEY) VALUES ('progtestace','Segmentation fault',36.0);
INSERT INTO OZDRAVOVNA (UCEL, POZNAMKA, MISTNOST_KEY) VALUES ('elektrosok','zapach',37.0);
INSERT INTO OZDRAVOVNA (UCEL, POZNAMKA, MISTNOST_KEY) VALUES ('frustrace',NULL,38.0);
INSERT INTO OZDRAVOVNA (UCEL, POZNAMKA, MISTNOST_KEY) VALUES ('ZMAtek',NULL,39.0);
INSERT INTO OZDRAVOVNA (UCEL, POZNAMKA, MISTNOST_KEY) VALUES ('progtestace',NULL,40.0);
INSERT INTO OZDRAVOVNA (UCEL, POZNAMKA, MISTNOST_KEY) VALUES ('lobotomie++','Segmentation fault',41.0);
INSERT INTO OZDRAVOVNA (UCEL, POZNAMKA, MISTNOST_KEY) VALUES ('lobotomie++','zapach',42.0);
INSERT INTO OZDRAVOVNA (UCEL, POZNAMKA, MISTNOST_KEY) VALUES ('ZMAtek',NULL,43.0);
INSERT INTO OZDRAVOVNA (UCEL, POZNAMKA, MISTNOST_KEY) VALUES ('lobotomie++','Segmentation fault',44.0);
INSERT INTO OZDRAVOVNA (UCEL, POZNAMKA, MISTNOST_KEY) VALUES ('elektrosok',NULL,45.0);
INSERT INTO OZDRAVOVNA (UCEL, POZNAMKA, MISTNOST_KEY) VALUES ('elektrosok',NULL,46.0);
INSERT INTO OZDRAVOVNA (UCEL, POZNAMKA, MISTNOST_KEY) VALUES ('lobotomie++',NULL,47.0);
INSERT INTO OZDRAVOVNA (UCEL, POZNAMKA, MISTNOST_KEY) VALUES ('ZMAtek','Segmentation fault',48.0);
INSERT INTO OZDRAVOVNA (UCEL, POZNAMKA, MISTNOST_KEY) VALUES ('progtestace',NULL,49.0);
INSERT INTO OZDRAVOVNA (UCEL, POZNAMKA, MISTNOST_KEY) VALUES ('ZMAtek','Segmentation fault',50.0);
INSERT INTO OZDRAVOVNA (UCEL, POZNAMKA, MISTNOST_KEY) VALUES ('ZMAtek',NULL,51.0);
INSERT INTO OZDRAVOVNA (UCEL, POZNAMKA, MISTNOST_KEY) VALUES ('lobotomie++','Segmentation fault',52.0);
INSERT INTO OZDRAVOVNA (UCEL, POZNAMKA, MISTNOST_KEY) VALUES ('frustrace','neporadek',53.0);
INSERT INTO OZDRAVOVNA (UCEL, POZNAMKA, MISTNOST_KEY) VALUES ('elektrosok',NULL,54.0);
INSERT INTO OZDRAVOVNA (UCEL, POZNAMKA, MISTNOST_KEY) VALUES ('lobotomie++',NULL,55.0);
INSERT INTO OZDRAVOVNA (UCEL, POZNAMKA, MISTNOST_KEY) VALUES ('progtestace',NULL,56.0);



INSERT INTO PACIENT (PACIENT_KEY, OSOBNI_CISLO, JMENO, PRIJMENI, DIAGNOZA, HOSPITALIZACE, LECBA_KEY, DIETA_KEY, MISTNOST_KEY) VALUES (1.0,1670092800899,'Colt','Yang','deprese',to_date('02/08/2019', 'DD/MM/RR'),1.0,6.0,91.0);
INSERT INTO PACIENT (PACIENT_KEY, OSOBNI_CISLO, JMENO, PRIJMENI, DIAGNOZA, HOSPITALIZACE, LECBA_KEY, DIETA_KEY, MISTNOST_KEY) VALUES (2.0,1666042246499,'Wayne','Weeks','paranoia',to_date('18/11/2018', 'DD/MM/RR'),2.0,6.0,96.0);
INSERT INTO PACIENT (PACIENT_KEY, OSOBNI_CISLO, JMENO, PRIJMENI, DIAGNOZA, HOSPITALIZACE, LECBA_KEY, DIETA_KEY, MISTNOST_KEY) VALUES (3.0,1696070919499,'India','Shaffer','schizofrenie',to_date('01/02/2019', 'DD/MM/RR'),3.0,1.0,94.0);
INSERT INTO PACIENT (PACIENT_KEY, OSOBNI_CISLO, JMENO, PRIJMENI, DIAGNOZA, HOSPITALIZACE, LECBA_KEY, DIETA_KEY, MISTNOST_KEY) VALUES (4.0,1691070198099,'Ora','Odom','deprese',to_date('29/05/2018', 'DD/MM/RR'),4.0,7.0,71.0);
INSERT INTO PACIENT (PACIENT_KEY, OSOBNI_CISLO, JMENO, PRIJMENI, DIAGNOZA, HOSPITALIZACE, LECBA_KEY, DIETA_KEY, MISTNOST_KEY) VALUES (5.0,1623080724599,'Driscoll','Rosales','deprese',to_date('05/08/2019', 'DD/MM/RR'),5.0,1.0,81.0);
INSERT INTO PACIENT (PACIENT_KEY, OSOBNI_CISLO, JMENO, PRIJMENI, DIAGNOZA, HOSPITALIZACE, LECBA_KEY, DIETA_KEY, MISTNOST_KEY) VALUES (6.0,1614051757099,'Serina','Bradley','segfaultuv syndrom',to_date('13/02/2019', 'DD/MM/RR'),6.0,7.0,94.0);
INSERT INTO PACIENT (PACIENT_KEY, OSOBNI_CISLO, JMENO, PRIJMENI, DIAGNOZA, HOSPITALIZACE, LECBA_KEY, DIETA_KEY, MISTNOST_KEY) VALUES (7.0,1638052726299,'Galena','Case','schizofrenie',to_date('14/03/2020', 'DD/MM/RR'),7.0,10.0,100.0);
INSERT INTO PACIENT (PACIENT_KEY, OSOBNI_CISLO, JMENO, PRIJMENI, DIAGNOZA, HOSPITALIZACE, LECBA_KEY, DIETA_KEY, MISTNOST_KEY) VALUES (8.0,1675092890399,'Palmer','Spence','bipolarni porucha',to_date('15/08/2018', 'DD/MM/RR'),8.0,9.0,88.0);
INSERT INTO PACIENT (PACIENT_KEY, OSOBNI_CISLO, JMENO, PRIJMENI, DIAGNOZA, HOSPITALIZACE, LECBA_KEY, DIETA_KEY, MISTNOST_KEY) VALUES (9.0,1696061280599,'Phelan','Ingram','deprese',to_date('31/12/2018', 'DD/MM/RR'),9.0,11.0,94.0);
INSERT INTO PACIENT (PACIENT_KEY, OSOBNI_CISLO, JMENO, PRIJMENI, DIAGNOZA, HOSPITALIZACE, LECBA_KEY, DIETA_KEY, MISTNOST_KEY) VALUES (10.0,1690100804999,'Walter','Suarez','adhd',to_date('14/09/2019', 'DD/MM/RR'),10.0,2.0,100.0);
INSERT INTO PACIENT (PACIENT_KEY, OSOBNI_CISLO, JMENO, PRIJMENI, DIAGNOZA, HOSPITALIZACE, LECBA_KEY, DIETA_KEY, MISTNOST_KEY) VALUES (11.0,1608072148199,'Paloma','Schneider','schizofrenie',to_date('25/12/2018', 'DD/MM/RR'),11.0,11.0,81.0);
INSERT INTO PACIENT (PACIENT_KEY, OSOBNI_CISLO, JMENO, PRIJMENI, DIAGNOZA, HOSPITALIZACE, LECBA_KEY, DIETA_KEY, MISTNOST_KEY) VALUES (12.0,1602090957499,'Noble','Tillman','bipolarni porucha',to_date('18/02/2020', 'DD/MM/RR'),12.0,7.0,95.0);
INSERT INTO PACIENT (PACIENT_KEY, OSOBNI_CISLO, JMENO, PRIJMENI, DIAGNOZA, HOSPITALIZACE, LECBA_KEY, DIETA_KEY, MISTNOST_KEY) VALUES (13.0,1696010719099,'Giselle','Drake','adhd',to_date('27/04/2019', 'DD/MM/RR'),13.0,5.0,96.0);
INSERT INTO PACIENT (PACIENT_KEY, OSOBNI_CISLO, JMENO, PRIJMENI, DIAGNOZA, HOSPITALIZACE, LECBA_KEY, DIETA_KEY, MISTNOST_KEY) VALUES (14.0,1642092809199,'Damian','Farley','bizmatek',to_date('31/03/2019', 'DD/MM/RR'),14.0,6.0,72.0);
INSERT INTO PACIENT (PACIENT_KEY, OSOBNI_CISLO, JMENO, PRIJMENI, DIAGNOZA, HOSPITALIZACE, LECBA_KEY, DIETA_KEY, MISTNOST_KEY) VALUES (15.0,1634012671999,'Sawyer','Singleton','deprese',to_date('06/11/2018', 'DD/MM/RR'),15.0,5.0,78.0);
INSERT INTO PACIENT (PACIENT_KEY, OSOBNI_CISLO, JMENO, PRIJMENI, DIAGNOZA, HOSPITALIZACE, LECBA_KEY, DIETA_KEY, MISTNOST_KEY) VALUES (16.0,1601021152699,'Ignacia','Kinney','deprese',to_date('08/09/2018', 'DD/MM/RR'),16.0,7.0,96.0);
INSERT INTO PACIENT (PACIENT_KEY, OSOBNI_CISLO, JMENO, PRIJMENI, DIAGNOZA, HOSPITALIZACE, LECBA_KEY, DIETA_KEY, MISTNOST_KEY) VALUES (17.0,1682090836199,'Micah','Buckner','deprese',to_date('23/05/2018', 'DD/MM/RR'),17.0,9.0,69.0);
INSERT INTO PACIENT (PACIENT_KEY, OSOBNI_CISLO, JMENO, PRIJMENI, DIAGNOZA, HOSPITALIZACE, LECBA_KEY, DIETA_KEY, MISTNOST_KEY) VALUES (18.0,1643090771699,'Alea','Whitney','schizofrenie',to_date('25/12/2019', 'DD/MM/RR'),18.0,8.0,68.0);
INSERT INTO PACIENT (PACIENT_KEY, OSOBNI_CISLO, JMENO, PRIJMENI, DIAGNOZA, HOSPITALIZACE, LECBA_KEY, DIETA_KEY, MISTNOST_KEY) VALUES (19.0,1672120724999,'Nissim','Jacobson','bipolarni porucha',to_date('29/08/2019', 'DD/MM/RR'),19.0,10.0,99.0);
INSERT INTO PACIENT (PACIENT_KEY, OSOBNI_CISLO, JMENO, PRIJMENI, DIAGNOZA, HOSPITALIZACE, LECBA_KEY, DIETA_KEY, MISTNOST_KEY) VALUES (20.0,1626070686699,'Kaye','Hahn','adhd',to_date('03/07/2018', 'DD/MM/RR'),20.0,2.0,85.0);


INSERT INTO PACIENT_MEDIKAMENT_REL (PACIENT_KEY, MEDIKAMENT_KEY) VALUES (1.0,1.0);
INSERT INTO PACIENT_MEDIKAMENT_REL (PACIENT_KEY, MEDIKAMENT_KEY) VALUES (2.0,2.0);
INSERT INTO PACIENT_MEDIKAMENT_REL (PACIENT_KEY, MEDIKAMENT_KEY) VALUES (3.0,3.0);
INSERT INTO PACIENT_MEDIKAMENT_REL (PACIENT_KEY, MEDIKAMENT_KEY) VALUES (4.0,4.0);
INSERT INTO PACIENT_MEDIKAMENT_REL (PACIENT_KEY, MEDIKAMENT_KEY) VALUES (5.0,5.0);
INSERT INTO PACIENT_MEDIKAMENT_REL (PACIENT_KEY, MEDIKAMENT_KEY) VALUES (6.0,6.0);
INSERT INTO PACIENT_MEDIKAMENT_REL (PACIENT_KEY, MEDIKAMENT_KEY) VALUES (7.0,7.0);
INSERT INTO PACIENT_MEDIKAMENT_REL (PACIENT_KEY, MEDIKAMENT_KEY) VALUES (8.0,8.0);
INSERT INTO PACIENT_MEDIKAMENT_REL (PACIENT_KEY, MEDIKAMENT_KEY) VALUES (9.0,9.0);
INSERT INTO PACIENT_MEDIKAMENT_REL (PACIENT_KEY, MEDIKAMENT_KEY) VALUES (10.0,10.0);
INSERT INTO PACIENT_MEDIKAMENT_REL (PACIENT_KEY, MEDIKAMENT_KEY) VALUES (11.0,11.0);
INSERT INTO PACIENT_MEDIKAMENT_REL (PACIENT_KEY, MEDIKAMENT_KEY) VALUES (12.0,12.0);
INSERT INTO PACIENT_MEDIKAMENT_REL (PACIENT_KEY, MEDIKAMENT_KEY) VALUES (13.0,13.0);
INSERT INTO PACIENT_MEDIKAMENT_REL (PACIENT_KEY, MEDIKAMENT_KEY) VALUES (14.0,14.0);
INSERT INTO PACIENT_MEDIKAMENT_REL (PACIENT_KEY, MEDIKAMENT_KEY) VALUES (15.0,15.0);
INSERT INTO PACIENT_MEDIKAMENT_REL (PACIENT_KEY, MEDIKAMENT_KEY) VALUES (15.0,16.0);
INSERT INTO PACIENT_MEDIKAMENT_REL (PACIENT_KEY, MEDIKAMENT_KEY) VALUES (16.0,17.0);
INSERT INTO PACIENT_MEDIKAMENT_REL (PACIENT_KEY, MEDIKAMENT_KEY) VALUES (17.0,18.0);
INSERT INTO PACIENT_MEDIKAMENT_REL (PACIENT_KEY, MEDIKAMENT_KEY) VALUES (17.0,19.0);
INSERT INTO PACIENT_MEDIKAMENT_REL (PACIENT_KEY, MEDIKAMENT_KEY) VALUES (18.0,20.0);
INSERT INTO PACIENT_MEDIKAMENT_REL (PACIENT_KEY, MEDIKAMENT_KEY) VALUES (19.0,3.0);
INSERT INTO PACIENT_MEDIKAMENT_REL (PACIENT_KEY, MEDIKAMENT_KEY) VALUES (20.0,8.0);



INSERT INTO PACIENTSKY_POKOJ (KAPACITA, POZNAMKA, MISTNOST_KEY) VALUES (7.0,'stenice strahovska',67.0);
INSERT INTO PACIENTSKY_POKOJ (KAPACITA, POZNAMKA, MISTNOST_KEY) VALUES (4.0,NULL,68.0);
INSERT INTO PACIENTSKY_POKOJ (KAPACITA, POZNAMKA, MISTNOST_KEY) VALUES (10.0,NULL,69.0);
INSERT INTO PACIENTSKY_POKOJ (KAPACITA, POZNAMKA, MISTNOST_KEY) VALUES (8.0,NULL,70.0);
INSERT INTO PACIENTSKY_POKOJ (KAPACITA, POZNAMKA, MISTNOST_KEY) VALUES (4.0,NULL,71.0);
INSERT INTO PACIENTSKY_POKOJ (KAPACITA, POZNAMKA, MISTNOST_KEY) VALUES (1.0,NULL,72.0);
INSERT INTO PACIENTSKY_POKOJ (KAPACITA, POZNAMKA, MISTNOST_KEY) VALUES (10.0,NULL,73.0);
INSERT INTO PACIENTSKY_POKOJ (KAPACITA, POZNAMKA, MISTNOST_KEY) VALUES (7.0,NULL,74.0);
INSERT INTO PACIENTSKY_POKOJ (KAPACITA, POZNAMKA, MISTNOST_KEY) VALUES (6.0,NULL,75.0);
INSERT INTO PACIENTSKY_POKOJ (KAPACITA, POZNAMKA, MISTNOST_KEY) VALUES (1.0,NULL,76.0);
INSERT INTO PACIENTSKY_POKOJ (KAPACITA, POZNAMKA, MISTNOST_KEY) VALUES (3.0,'stenice strahovska',77.0);
INSERT INTO PACIENTSKY_POKOJ (KAPACITA, POZNAMKA, MISTNOST_KEY) VALUES (5.0,'zapach',78.0);
INSERT INTO PACIENTSKY_POKOJ (KAPACITA, POZNAMKA, MISTNOST_KEY) VALUES (4.0,'neporadek',79.0);
INSERT INTO PACIENTSKY_POKOJ (KAPACITA, POZNAMKA, MISTNOST_KEY) VALUES (2.0,NULL,80.0);
INSERT INTO PACIENTSKY_POKOJ (KAPACITA, POZNAMKA, MISTNOST_KEY) VALUES (10.0,NULL,81.0);
INSERT INTO PACIENTSKY_POKOJ (KAPACITA, POZNAMKA, MISTNOST_KEY) VALUES (4.0,'nevstupovat',82.0);
INSERT INTO PACIENTSKY_POKOJ (KAPACITA, POZNAMKA, MISTNOST_KEY) VALUES (2.0,NULL,83.0);
INSERT INTO PACIENTSKY_POKOJ (KAPACITA, POZNAMKA, MISTNOST_KEY) VALUES (7.0,'nevstupovat',84.0);
INSERT INTO PACIENTSKY_POKOJ (KAPACITA, POZNAMKA, MISTNOST_KEY) VALUES (3.0,'stenice strahovska',85.0);
INSERT INTO PACIENTSKY_POKOJ (KAPACITA, POZNAMKA, MISTNOST_KEY) VALUES (6.0,'zapach',86.0);
INSERT INTO PACIENTSKY_POKOJ (KAPACITA, POZNAMKA, MISTNOST_KEY) VALUES (4.0,NULL,87.0);
INSERT INTO PACIENTSKY_POKOJ (KAPACITA, POZNAMKA, MISTNOST_KEY) VALUES (3.0,'neporadek',88.0);
INSERT INTO PACIENTSKY_POKOJ (KAPACITA, POZNAMKA, MISTNOST_KEY) VALUES (8.0,'neporadek',89.0);
INSERT INTO PACIENTSKY_POKOJ (KAPACITA, POZNAMKA, MISTNOST_KEY) VALUES (2.0,NULL,90.0);
INSERT INTO PACIENTSKY_POKOJ (KAPACITA, POZNAMKA, MISTNOST_KEY) VALUES (6.0,'zapach',91.0);
INSERT INTO PACIENTSKY_POKOJ (KAPACITA, POZNAMKA, MISTNOST_KEY) VALUES (7.0,'neporadek',92.0);
INSERT INTO PACIENTSKY_POKOJ (KAPACITA, POZNAMKA, MISTNOST_KEY) VALUES (5.0,NULL,93.0);
INSERT INTO PACIENTSKY_POKOJ (KAPACITA, POZNAMKA, MISTNOST_KEY) VALUES (10.0,'neporadek',94.0);
INSERT INTO PACIENTSKY_POKOJ (KAPACITA, POZNAMKA, MISTNOST_KEY) VALUES (1.0,NULL,95.0);
INSERT INTO PACIENTSKY_POKOJ (KAPACITA, POZNAMKA, MISTNOST_KEY) VALUES (5.0,'stenice strahovska',96.0);
INSERT INTO PACIENTSKY_POKOJ (KAPACITA, POZNAMKA, MISTNOST_KEY) VALUES (7.0,'fitak inside',97.0);
INSERT INTO PACIENTSKY_POKOJ (KAPACITA, POZNAMKA, MISTNOST_KEY) VALUES (3.0,NULL,98.0);
INSERT INTO PACIENTSKY_POKOJ (KAPACITA, POZNAMKA, MISTNOST_KEY) VALUES (5.0,'stenice strahovska',99.0);
INSERT INTO PACIENTSKY_POKOJ (KAPACITA, POZNAMKA, MISTNOST_KEY) VALUES (1.0,NULL,100.0);



INSERT INTO POCITAC (POCITAC_KEY, OZNACENI, JMENO, IP_ADRESA, MISTNOST_KEY, ZAMESTNANEC_KEY) VALUES (1.0,'GD1K1Q198M','HP EliteBook 820 G2','192.168.1.1',1.0,3.0);
INSERT INTO POCITAC (POCITAC_KEY, OZNACENI, JMENO, IP_ADRESA, MISTNOST_KEY, ZAMESTNANEC_KEY) VALUES (2.0,'NM4G1K409K','Apple MacBook Air 11','192.168.2.1',2.0,4.0);
INSERT INTO POCITAC (POCITAC_KEY, OZNACENI, JMENO, IP_ADRESA, MISTNOST_KEY, ZAMESTNANEC_KEY) VALUES (3.0,'VN8R7Z634E','HP EliteBook 820 G2','192.168.3.1',3.0,9.0);
INSERT INTO POCITAC (POCITAC_KEY, OZNACENI, JMENO, IP_ADRESA, MISTNOST_KEY, ZAMESTNANEC_KEY) VALUES (4.0,'BA4E7L441A','Apple Mac Mini','192.168.4.1',4.0,10.0);
INSERT INTO POCITAC (POCITAC_KEY, OZNACENI, JMENO, IP_ADRESA, MISTNOST_KEY, ZAMESTNANEC_KEY) VALUES (5.0,'AL6C9P042D','HP EliteDesk 800 Ultra-slim','192.168.5.1',5.0,13.0);
INSERT INTO POCITAC (POCITAC_KEY, OZNACENI, JMENO, IP_ADRESA, MISTNOST_KEY, ZAMESTNANEC_KEY) VALUES (6.0,'XJ9M1V735S','Dell Latitude E7250','192.168.6.1',6.0,18.0);
INSERT INTO POCITAC (POCITAC_KEY, OZNACENI, JMENO, IP_ADRESA, MISTNOST_KEY, ZAMESTNANEC_KEY) VALUES (7.0,'TW8C4S321G','HP ProOne 600','192.168.7.1',NULL,20.0);
INSERT INTO POCITAC (POCITAC_KEY, OZNACENI, JMENO, IP_ADRESA, MISTNOST_KEY, ZAMESTNANEC_KEY) VALUES (8.0,'VS8U2B397L','HP EliteDesk 800 Ultra-slim','192.168.8.1',8.0,22.0);
INSERT INTO POCITAC (POCITAC_KEY, OZNACENI, JMENO, IP_ADRESA, MISTNOST_KEY, ZAMESTNANEC_KEY) VALUES (9.0,'XX8I9O618Z','HP ProOne 600','192.168.9.1',9.0,23.0);
INSERT INTO POCITAC (POCITAC_KEY, OZNACENI, JMENO, IP_ADRESA, MISTNOST_KEY, ZAMESTNANEC_KEY) VALUES (10.0,'XX1P6N197X','Dell Latitude E7250','192.168.10.1',10.0,25.0);
INSERT INTO POCITAC (POCITAC_KEY, OZNACENI, JMENO, IP_ADRESA, MISTNOST_KEY, ZAMESTNANEC_KEY) VALUES (11.0,'XL9S6J906H','Microsoft Surface Pro 3','192.168.11.1',11.0,27.0);
INSERT INTO POCITAC (POCITAC_KEY, OZNACENI, JMENO, IP_ADRESA, MISTNOST_KEY, ZAMESTNANEC_KEY) VALUES (12.0,'BW9I8X782O','Apple Mac Mini','192.168.12.1',12.0,31.0);
INSERT INTO POCITAC (POCITAC_KEY, OZNACENI, JMENO, IP_ADRESA, MISTNOST_KEY, ZAMESTNANEC_KEY) VALUES (13.0,'CZ0G4C673Q','HP EliteDesk 800 Ultra-slim','192.168.13.1',NULL,34.0);
INSERT INTO POCITAC (POCITAC_KEY, OZNACENI, JMENO, IP_ADRESA, MISTNOST_KEY, ZAMESTNANEC_KEY) VALUES (14.0,'GO4H1G633S','Apple MacBook Air 13','192.168.14.1',14.0,35.0);
INSERT INTO POCITAC (POCITAC_KEY, OZNACENI, JMENO, IP_ADRESA, MISTNOST_KEY, ZAMESTNANEC_KEY) VALUES (15.0,'OK8M1C484K','Apple Mac Mini','192.168.15.1',15.0,40.0);
INSERT INTO POCITAC (POCITAC_KEY, OZNACENI, JMENO, IP_ADRESA, MISTNOST_KEY, ZAMESTNANEC_KEY) VALUES (16.0,'CX5S9K456M','Dell Latitude E7250','192.168.16.1',16.0,42.0);
INSERT INTO POCITAC (POCITAC_KEY, OZNACENI, JMENO, IP_ADRESA, MISTNOST_KEY, ZAMESTNANEC_KEY) VALUES (17.0,'SV1G3P017D','Apple MacBook Air 11','192.168.17.1',17.0,44.0);
INSERT INTO POCITAC (POCITAC_KEY, OZNACENI, JMENO, IP_ADRESA, MISTNOST_KEY, ZAMESTNANEC_KEY) VALUES (18.0,'HQ2E4L846D','Dell Latitude E7250','192.168.18.1',18.0,52.0);
INSERT INTO POCITAC (POCITAC_KEY, OZNACENI, JMENO, IP_ADRESA, MISTNOST_KEY, ZAMESTNANEC_KEY) VALUES (19.0,'SP8Q1G651G','Apple Mac Mini','192.168.19.1',NULL,54.0);
INSERT INTO POCITAC (POCITAC_KEY, OZNACENI, JMENO, IP_ADRESA, MISTNOST_KEY, ZAMESTNANEC_KEY) VALUES (20.0,'UD3Z1M550L','HP ProOne 600','192.168.20.1',20.0,55.0);
INSERT INTO POCITAC (POCITAC_KEY, OZNACENI, JMENO, IP_ADRESA, MISTNOST_KEY, ZAMESTNANEC_KEY) VALUES (21.0,'VY2K1W091T','HP EliteBook 820 G2','192.168.21.1',2.0,57.0);
INSERT INTO POCITAC (POCITAC_KEY, OZNACENI, JMENO, IP_ADRESA, MISTNOST_KEY, ZAMESTNANEC_KEY) VALUES (22.0,'OU2T6Z603V','Dell Latitude E7250','192.168.22.1',21.0,61.0);
INSERT INTO POCITAC (POCITAC_KEY, OZNACENI, JMENO, IP_ADRESA, MISTNOST_KEY, ZAMESTNANEC_KEY) VALUES (23.0,'NE1G9M575L','HP EliteDesk 800 Ultra-slim','192.168.23.1',21.0,72.0);
INSERT INTO POCITAC (POCITAC_KEY, OZNACENI, JMENO, IP_ADRESA, MISTNOST_KEY, ZAMESTNANEC_KEY) VALUES (24.0,'FJ1V1W957N','HP EliteDesk 800 Ultra-slim','192.168.24.1',NULL,1.0);
INSERT INTO POCITAC (POCITAC_KEY, OZNACENI, JMENO, IP_ADRESA, MISTNOST_KEY, ZAMESTNANEC_KEY) VALUES (25.0,'YJ0J0Q039S','Microsoft Surface Pro 3','192.168.25.1',NULL,2.0);
INSERT INTO POCITAC (POCITAC_KEY, OZNACENI, JMENO, IP_ADRESA, MISTNOST_KEY, ZAMESTNANEC_KEY) VALUES (26.0,'BP6F3X015V','HP EliteDesk 800 Ultra-slim','192.168.26.1',NULL,5.0);
INSERT INTO POCITAC (POCITAC_KEY, OZNACENI, JMENO, IP_ADRESA, MISTNOST_KEY, ZAMESTNANEC_KEY) VALUES (27.0,'BB5A7D232Z','HP EliteDesk 800 Ultra-slim','192.168.27.1',NULL,6.0);
INSERT INTO POCITAC (POCITAC_KEY, OZNACENI, JMENO, IP_ADRESA, MISTNOST_KEY, ZAMESTNANEC_KEY) VALUES (28.0,'CM8Z1Y291W','Apple Mac Mini','192.168.28.1',NULL,7.0);
INSERT INTO POCITAC (POCITAC_KEY, OZNACENI, JMENO, IP_ADRESA, MISTNOST_KEY, ZAMESTNANEC_KEY) VALUES (29.0,'FG2F8L911K','Apple Mac Mini','192.168.29.1',NULL,8.0);
INSERT INTO POCITAC (POCITAC_KEY, OZNACENI, JMENO, IP_ADRESA, MISTNOST_KEY, ZAMESTNANEC_KEY) VALUES (30.0,'PT6U7O441J','Apple MacBook Air 11','192.168.30.1',NULL,11.0);
INSERT INTO POCITAC (POCITAC_KEY, OZNACENI, JMENO, IP_ADRESA, MISTNOST_KEY, ZAMESTNANEC_KEY) VALUES (31.0,'KT1F0E220V','Microsoft Surface Pro 3','192.168.31.1',NULL,12.0);
INSERT INTO POCITAC (POCITAC_KEY, OZNACENI, JMENO, IP_ADRESA, MISTNOST_KEY, ZAMESTNANEC_KEY) VALUES (32.0,'KW9S1Q192I','HP ProOne 600','192.168.32.1',NULL,14.0);
INSERT INTO POCITAC (POCITAC_KEY, OZNACENI, JMENO, IP_ADRESA, MISTNOST_KEY, ZAMESTNANEC_KEY) VALUES (33.0,'SX2W4E121U','Apple MacBook Air 13','192.168.33.1',NULL,15.0);
INSERT INTO POCITAC (POCITAC_KEY, OZNACENI, JMENO, IP_ADRESA, MISTNOST_KEY, ZAMESTNANEC_KEY) VALUES (34.0,'EN4R6W215Y','Apple Mac Mini','192.168.34.1',NULL,16.0);
INSERT INTO POCITAC (POCITAC_KEY, OZNACENI, JMENO, IP_ADRESA, MISTNOST_KEY, ZAMESTNANEC_KEY) VALUES (35.0,'PA3I7F093Q','HP EliteBook 820 G2','192.168.35.1',NULL,17.0);
INSERT INTO POCITAC (POCITAC_KEY, OZNACENI, JMENO, IP_ADRESA, MISTNOST_KEY, ZAMESTNANEC_KEY) VALUES (36.0,'LM4C7Q246R','Apple MacBook Air 11','192.168.36.1',NULL,19.0);
INSERT INTO POCITAC (POCITAC_KEY, OZNACENI, JMENO, IP_ADRESA, MISTNOST_KEY, ZAMESTNANEC_KEY) VALUES (37.0,'QJ7U3T777H','Microsoft Surface Pro 3','192.168.37.1',NULL,21.0);
INSERT INTO POCITAC (POCITAC_KEY, OZNACENI, JMENO, IP_ADRESA, MISTNOST_KEY, ZAMESTNANEC_KEY) VALUES (38.0,'EJ3B8W079I','HP ProOne 600','192.168.38.1',NULL,24.0);
INSERT INTO POCITAC (POCITAC_KEY, OZNACENI, JMENO, IP_ADRESA, MISTNOST_KEY, ZAMESTNANEC_KEY) VALUES (39.0,'IO6A0C245I','Dell Latitude E7250','192.168.39.1',NULL,26.0);
INSERT INTO POCITAC (POCITAC_KEY, OZNACENI, JMENO, IP_ADRESA, MISTNOST_KEY, ZAMESTNANEC_KEY) VALUES (40.0,'MD4B4R548M','Microsoft Surface Pro 3','192.168.40.1',NULL,28.0);
INSERT INTO POCITAC (POCITAC_KEY, OZNACENI, JMENO, IP_ADRESA, MISTNOST_KEY, ZAMESTNANEC_KEY) VALUES (41.0,'BV7M9D045R','Apple MacBook Air 11','192.168.41.1',NULL,29.0);
INSERT INTO POCITAC (POCITAC_KEY, OZNACENI, JMENO, IP_ADRESA, MISTNOST_KEY, ZAMESTNANEC_KEY) VALUES (42.0,'WA8B2D392L','HP EliteBook 820 G2','192.168.42.1',NULL,30.0);
INSERT INTO POCITAC (POCITAC_KEY, OZNACENI, JMENO, IP_ADRESA, MISTNOST_KEY, ZAMESTNANEC_KEY) VALUES (43.0,'LR8O2Q148V','Apple Mac Mini','192.168.43.1',NULL,32.0);
INSERT INTO POCITAC (POCITAC_KEY, OZNACENI, JMENO, IP_ADRESA, MISTNOST_KEY, ZAMESTNANEC_KEY) VALUES (44.0,'YO3O2L679R','HP ProOne 600','192.168.44.1',NULL,33.0);
INSERT INTO POCITAC (POCITAC_KEY, OZNACENI, JMENO, IP_ADRESA, MISTNOST_KEY, ZAMESTNANEC_KEY) VALUES (45.0,'AU2F6C071E','Apple Mac Mini','192.168.45.1',NULL,NULL);
INSERT INTO POCITAC (POCITAC_KEY, OZNACENI, JMENO, IP_ADRESA, MISTNOST_KEY, ZAMESTNANEC_KEY) VALUES (46.0,'JR8Q3J545G','HP EliteDesk 800 Ultra-slim','192.168.46.1',NULL,36.0);
INSERT INTO POCITAC (POCITAC_KEY, OZNACENI, JMENO, IP_ADRESA, MISTNOST_KEY, ZAMESTNANEC_KEY) VALUES (47.0,'KH1O9B924Z','Apple MacBook Air 13','192.168.47.1',NULL,37.0);
INSERT INTO POCITAC (POCITAC_KEY, OZNACENI, JMENO, IP_ADRESA, MISTNOST_KEY, ZAMESTNANEC_KEY) VALUES (48.0,'EW0L4D080I','Apple MacBook Air 11','192.168.48.1',NULL,38.0);
INSERT INTO POCITAC (POCITAC_KEY, OZNACENI, JMENO, IP_ADRESA, MISTNOST_KEY, ZAMESTNANEC_KEY) VALUES (49.0,'YO5U6X885T','Microsoft Surface Pro 3','192.168.49.1',NULL,39.0);
INSERT INTO POCITAC (POCITAC_KEY, OZNACENI, JMENO, IP_ADRESA, MISTNOST_KEY, ZAMESTNANEC_KEY) VALUES (50.0,'IC0S4G559E','Apple Mac Mini','192.168.50.1',NULL,41.0);
INSERT INTO POCITAC (POCITAC_KEY, OZNACENI, JMENO, IP_ADRESA, MISTNOST_KEY, ZAMESTNANEC_KEY) VALUES (51.0,'KY4N1P241H','HP EliteBook 820 G2','192.168.51.1',NULL,43.0);
INSERT INTO POCITAC (POCITAC_KEY, OZNACENI, JMENO, IP_ADRESA, MISTNOST_KEY, ZAMESTNANEC_KEY) VALUES (52.0,'PM0S3N798E','Apple MacBook Air 11','192.168.52.1',NULL,45.0);
INSERT INTO POCITAC (POCITAC_KEY, OZNACENI, JMENO, IP_ADRESA, MISTNOST_KEY, ZAMESTNANEC_KEY) VALUES (53.0,'IG0I1R991W','Dell Latitude E7250','192.168.53.1',NULL,46.0);
INSERT INTO POCITAC (POCITAC_KEY, OZNACENI, JMENO, IP_ADRESA, MISTNOST_KEY, ZAMESTNANEC_KEY) VALUES (54.0,'RJ2O6A722O','HP ProOne 600','192.168.54.1',NULL,47.0);
INSERT INTO POCITAC (POCITAC_KEY, OZNACENI, JMENO, IP_ADRESA, MISTNOST_KEY, ZAMESTNANEC_KEY) VALUES (55.0,'VA4M6S686S','Microsoft Surface Pro 3','192.168.55.1',NULL,48.0);
INSERT INTO POCITAC (POCITAC_KEY, OZNACENI, JMENO, IP_ADRESA, MISTNOST_KEY, ZAMESTNANEC_KEY) VALUES (56.0,'XH8P6I338Q','Apple Mac Mini','192.168.56.1',NULL,49.0);
INSERT INTO POCITAC (POCITAC_KEY, OZNACENI, JMENO, IP_ADRESA, MISTNOST_KEY, ZAMESTNANEC_KEY) VALUES (57.0,'LT4T4P630M','HP ProOne 600','192.168.57.1',NULL,50.0);
INSERT INTO POCITAC (POCITAC_KEY, OZNACENI, JMENO, IP_ADRESA, MISTNOST_KEY, ZAMESTNANEC_KEY) VALUES (58.0,'CI4S7O769K','Apple MacBook Air 11','192.168.58.1',NULL,51.0);
INSERT INTO POCITAC (POCITAC_KEY, OZNACENI, JMENO, IP_ADRESA, MISTNOST_KEY, ZAMESTNANEC_KEY) VALUES (59.0,'KV2Y0O810L','Apple Mac Mini','192.168.59.1',NULL,53.0);
INSERT INTO POCITAC (POCITAC_KEY, OZNACENI, JMENO, IP_ADRESA, MISTNOST_KEY, ZAMESTNANEC_KEY) VALUES (60.0,'CW6W7N847J','HP EliteDesk 800 Ultra-slim','192.168.60.1',NULL,56.0);
INSERT INTO POCITAC (POCITAC_KEY, OZNACENI, JMENO, IP_ADRESA, MISTNOST_KEY, ZAMESTNANEC_KEY) VALUES (61.0,'XA0J6M542I','HP EliteDesk 800 Ultra-slim','192.168.61.1',NULL,58.0);
INSERT INTO POCITAC (POCITAC_KEY, OZNACENI, JMENO, IP_ADRESA, MISTNOST_KEY, ZAMESTNANEC_KEY) VALUES (62.0,'GJ4F0H516Z','Apple MacBook Air 11','192.168.62.1',NULL,59.0);
INSERT INTO POCITAC (POCITAC_KEY, OZNACENI, JMENO, IP_ADRESA, MISTNOST_KEY, ZAMESTNANEC_KEY) VALUES (63.0,'ZW1O1G802A','Apple MacBook Air 13','192.168.63.1',NULL,60.0);
INSERT INTO POCITAC (POCITAC_KEY, OZNACENI, JMENO, IP_ADRESA, MISTNOST_KEY, ZAMESTNANEC_KEY) VALUES (64.0,'NT7F7B131Q','Apple Mac Mini','192.168.64.1',NULL,62.0);
INSERT INTO POCITAC (POCITAC_KEY, OZNACENI, JMENO, IP_ADRESA, MISTNOST_KEY, ZAMESTNANEC_KEY) VALUES (65.0,'GJ5B7N794F','Microsoft Surface Pro 3','192.168.65.1',NULL,63.0);
INSERT INTO POCITAC (POCITAC_KEY, OZNACENI, JMENO, IP_ADRESA, MISTNOST_KEY, ZAMESTNANEC_KEY) VALUES (66.0,'MI1J2V840R','Apple MacBook Air 11','192.168.66.1',NULL,64.0);
INSERT INTO POCITAC (POCITAC_KEY, OZNACENI, JMENO, IP_ADRESA, MISTNOST_KEY, ZAMESTNANEC_KEY) VALUES (67.0,'RQ7V6V181Z','HP EliteDesk 800 Ultra-slim','192.168.67.1',NULL,65.0);
INSERT INTO POCITAC (POCITAC_KEY, OZNACENI, JMENO, IP_ADRESA, MISTNOST_KEY, ZAMESTNANEC_KEY) VALUES (68.0,'MN4O0L100B','HP EliteBook 820 G2','192.168.68.1',NULL,66.0);
INSERT INTO POCITAC (POCITAC_KEY, OZNACENI, JMENO, IP_ADRESA, MISTNOST_KEY, ZAMESTNANEC_KEY) VALUES (69.0,'HK3K8M410R','Apple MacBook Air 11','192.168.69.1',NULL,67.0);
INSERT INTO POCITAC (POCITAC_KEY, OZNACENI, JMENO, IP_ADRESA, MISTNOST_KEY, ZAMESTNANEC_KEY) VALUES (70.0,'JT4G2G147R','Dell Latitude E7250','192.168.70.1',NULL,68.0);
INSERT INTO POCITAC (POCITAC_KEY, OZNACENI, JMENO, IP_ADRESA, MISTNOST_KEY, ZAMESTNANEC_KEY) VALUES (71.0,'IA4W0A784S','Dell Latitude E7250','192.168.71.1',NULL,69.0);
INSERT INTO POCITAC (POCITAC_KEY, OZNACENI, JMENO, IP_ADRESA, MISTNOST_KEY, ZAMESTNANEC_KEY) VALUES (72.0,'ZR5A3Z054U','HP ProOne 600','192.168.72.1',NULL,70.0);
INSERT INTO POCITAC (POCITAC_KEY, OZNACENI, JMENO, IP_ADRESA, MISTNOST_KEY, ZAMESTNANEC_KEY) VALUES (73.0,'OS1R9A875Y','Apple MacBook Air 11','192.168.73.1',NULL,71.0);
INSERT INTO POCITAC (POCITAC_KEY, OZNACENI, JMENO, IP_ADRESA, MISTNOST_KEY, ZAMESTNANEC_KEY) VALUES (74.0,'LW4Y4N135B','Apple Mac Mini','192.168.74.1',NULL,73.0);
INSERT INTO POCITAC (POCITAC_KEY, OZNACENI, JMENO, IP_ADRESA, MISTNOST_KEY, ZAMESTNANEC_KEY) VALUES (75.0,'JK6O2U167H','HP EliteBook 820 G2','192.168.75.1',NULL,74.0);
INSERT INTO POCITAC (POCITAC_KEY, OZNACENI, JMENO, IP_ADRESA, MISTNOST_KEY, ZAMESTNANEC_KEY) VALUES (76.0,'VR4L1V306J','Apple MacBook Air 13','192.168.76.1',NULL,75.0);
INSERT INTO POCITAC (POCITAC_KEY, OZNACENI, JMENO, IP_ADRESA, MISTNOST_KEY, ZAMESTNANEC_KEY) VALUES (77.0,'DA2N8G039U','Apple Mac Mini','192.168.77.1',NULL,76.0);
INSERT INTO POCITAC (POCITAC_KEY, OZNACENI, JMENO, IP_ADRESA, MISTNOST_KEY, ZAMESTNANEC_KEY) VALUES (78.0,'LE5Q9D953O','HP EliteDesk 800 Ultra-slim','192.168.78.1',NULL,77.0);
INSERT INTO POCITAC (POCITAC_KEY, OZNACENI, JMENO, IP_ADRESA, MISTNOST_KEY, ZAMESTNANEC_KEY) VALUES (79.0,'AO0L7V106T','Apple Mac Mini','192.168.79.1',NULL,78.0);
INSERT INTO POCITAC (POCITAC_KEY, OZNACENI, JMENO, IP_ADRESA, MISTNOST_KEY, ZAMESTNANEC_KEY) VALUES (80.0,'OS4Z9V020P','Apple MacBook Air 13','192.168.80.1',NULL,79.0);
INSERT INTO POCITAC (POCITAC_KEY, OZNACENI, JMENO, IP_ADRESA, MISTNOST_KEY, ZAMESTNANEC_KEY) VALUES (81.0,'OR3V9B212L','Dell Latitude E7250','192.168.81.1',NULL,80.0);
INSERT INTO POCITAC (POCITAC_KEY, OZNACENI, JMENO, IP_ADRESA, MISTNOST_KEY, ZAMESTNANEC_KEY) VALUES (82.0,'JW5Y2W671Y','Microsoft Surface Pro 3','192.168.82.1',NULL,81.0);
INSERT INTO POCITAC (POCITAC_KEY, OZNACENI, JMENO, IP_ADRESA, MISTNOST_KEY, ZAMESTNANEC_KEY) VALUES (83.0,'UU6J3P769I','HP EliteDesk 800 Ultra-slim','192.168.83.1',NULL,82.0);
INSERT INTO POCITAC (POCITAC_KEY, OZNACENI, JMENO, IP_ADRESA, MISTNOST_KEY, ZAMESTNANEC_KEY) VALUES (84.0,'SM2C8P785B','HP ProOne 600','192.168.84.1',NULL,83.0);
INSERT INTO POCITAC (POCITAC_KEY, OZNACENI, JMENO, IP_ADRESA, MISTNOST_KEY, ZAMESTNANEC_KEY) VALUES (85.0,'KN6R8P372V','HP EliteDesk 800 Ultra-slim','192.168.85.1',NULL,84.0);
INSERT INTO POCITAC (POCITAC_KEY, OZNACENI, JMENO, IP_ADRESA, MISTNOST_KEY, ZAMESTNANEC_KEY) VALUES (86.0,'YF2D8A742Q','Apple MacBook Air 13','192.168.86.1',NULL,85.0);
INSERT INTO POCITAC (POCITAC_KEY, OZNACENI, JMENO, IP_ADRESA, MISTNOST_KEY, ZAMESTNANEC_KEY) VALUES (87.0,'XK1B0C318S','HP ProOne 600','192.168.87.1',NULL,86.0);
INSERT INTO POCITAC (POCITAC_KEY, OZNACENI, JMENO, IP_ADRESA, MISTNOST_KEY, ZAMESTNANEC_KEY) VALUES (88.0,'YX8J4G635K','Apple MacBook Air 13','192.168.88.1',NULL,87.0);
INSERT INTO POCITAC (POCITAC_KEY, OZNACENI, JMENO, IP_ADRESA, MISTNOST_KEY, ZAMESTNANEC_KEY) VALUES (89.0,'OL0O2X750B','Apple MacBook Air 13','192.168.89.1',NULL,88.0);
INSERT INTO POCITAC (POCITAC_KEY, OZNACENI, JMENO, IP_ADRESA, MISTNOST_KEY, ZAMESTNANEC_KEY) VALUES (90.0,'XE5T3N610K','Apple Mac Mini','192.168.90.1',NULL,89.0);
INSERT INTO POCITAC (POCITAC_KEY, OZNACENI, JMENO, IP_ADRESA, MISTNOST_KEY, ZAMESTNANEC_KEY) VALUES (91.0,'FG2T1C314E','Microsoft Surface Pro 3','192.168.91.1',NULL,NULL);
INSERT INTO POCITAC (POCITAC_KEY, OZNACENI, JMENO, IP_ADRESA, MISTNOST_KEY, ZAMESTNANEC_KEY) VALUES (92.0,'VK8R7F141N','Apple MacBook Air 13','192.168.92.1',NULL,NULL);
INSERT INTO POCITAC (POCITAC_KEY, OZNACENI, JMENO, IP_ADRESA, MISTNOST_KEY, ZAMESTNANEC_KEY) VALUES (93.0,'UB4H8G261X','HP ProOne 600','192.168.93.1',NULL,NULL);
INSERT INTO POCITAC (POCITAC_KEY, OZNACENI, JMENO, IP_ADRESA, MISTNOST_KEY, ZAMESTNANEC_KEY) VALUES (94.0,'MB1W6V866M','HP ProOne 600','192.168.94.1',NULL,NULL);
INSERT INTO POCITAC (POCITAC_KEY, OZNACENI, JMENO, IP_ADRESA, MISTNOST_KEY, ZAMESTNANEC_KEY) VALUES (95.0,'SL3N6G389W','Apple MacBook Air 13','192.168.95.1',NULL,NULL);
INSERT INTO POCITAC (POCITAC_KEY, OZNACENI, JMENO, IP_ADRESA, MISTNOST_KEY, ZAMESTNANEC_KEY) VALUES (96.0,'JZ8U6N404I','Apple MacBook Air 11','192.168.96.1',NULL,NULL);
INSERT INTO POCITAC (POCITAC_KEY, OZNACENI, JMENO, IP_ADRESA, MISTNOST_KEY, ZAMESTNANEC_KEY) VALUES (97.0,'TO3W0L562T','Apple MacBook Air 13','192.168.97.1',NULL,NULL);
INSERT INTO POCITAC (POCITAC_KEY, OZNACENI, JMENO, IP_ADRESA, MISTNOST_KEY, ZAMESTNANEC_KEY) VALUES (98.0,'YI7T2U516N','HP EliteBook 820 G2','192.168.98.1',NULL,NULL);
INSERT INTO POCITAC (POCITAC_KEY, OZNACENI, JMENO, IP_ADRESA, MISTNOST_KEY, ZAMESTNANEC_KEY) VALUES (99.0,'SM5R0R776R','HP EliteBook 820 G2','192.168.99.1',NULL,NULL);
INSERT INTO POCITAC (POCITAC_KEY, OZNACENI, JMENO, IP_ADRESA, MISTNOST_KEY, ZAMESTNANEC_KEY) VALUES (100.0,'GB8O8C375A','HP EliteDesk 800 Ultra-slim','192.168.100.1',NULL,NULL);



INSERT INTO PRISTROJ (PRISTROJ_KEY, OZNACENI, NAZEV, UCEL, HROZBA_UROVEN, MISTNOST_KEY) VALUES (1.0,'G0W3T9K1Q9','Compiler','pohoda',98.0,34.0);
INSERT INTO PRISTROJ (PRISTROJ_KEY, OZNACENI, NAZEV, UCEL, HROZBA_UROVEN, MISTNOST_KEY) VALUES (2.0,'G2M9T1E4I0','Vanisher','vypnuti progtestu',36.0,35.0);
INSERT INTO PRISTROJ (PRISTROJ_KEY, OZNACENI, NAZEV, UCEL, HROZBA_UROVEN, MISTNOST_KEY) VALUES (3.0,'Z1H9Y5H8V8','Compiler','deprese',25.0,36.0);
INSERT INTO PRISTROJ (PRISTROJ_KEY, OZNACENI, NAZEV, UCEL, HROZBA_UROVEN, MISTNOST_KEY) VALUES (4.0,'L4B5Q2Y7N3','Paintouch','vypnuti progtestu',20.0,37.0);
INSERT INTO PRISTROJ (PRISTROJ_KEY, OZNACENI, NAZEV, UCEL, HROZBA_UROVEN, MISTNOST_KEY) VALUES (5.0,'T3G5X0X8D2','Exterminator','deprese',7.0,38.0);
INSERT INTO PRISTROJ (PRISTROJ_KEY, OZNACENI, NAZEV, UCEL, HROZBA_UROVEN, MISTNOST_KEY) VALUES (6.0,'T5Q5S2F4D8','Lazarus','bdela noc v ntk',11.0,39.0);
INSERT INTO PRISTROJ (PRISTROJ_KEY, OZNACENI, NAZEV, UCEL, HROZBA_UROVEN, MISTNOST_KEY) VALUES (7.0,'G8R2O3Y8D9','Data modeler','vypnuti progtestu',68.0,40.0);
INSERT INTO PRISTROJ (PRISTROJ_KEY, OZNACENI, NAZEV, UCEL, HROZBA_UROVEN, MISTNOST_KEY) VALUES (8.0,'W2O2K6S0C8','Compiler','bdela noc v ntk',96.0,34.0);
INSERT INTO PRISTROJ (PRISTROJ_KEY, OZNACENI, NAZEV, UCEL, HROZBA_UROVEN, MISTNOST_KEY) VALUES (9.0,'K4S3C0G6B0','Lazarus','deprese',41.0,35.0);
INSERT INTO PRISTROJ (PRISTROJ_KEY, OZNACENI, NAZEV, UCEL, HROZBA_UROVEN, MISTNOST_KEY) VALUES (10.0,'M7Z1B2W1R8','Compiler','bdela noc v ntk',86.0,41.0);
INSERT INTO PRISTROJ (PRISTROJ_KEY, OZNACENI, NAZEV, UCEL, HROZBA_UROVEN, MISTNOST_KEY) VALUES (11.0,'P9K5E5W0S7','Vanisher','bdela noc v ntk',48.0,42.0);
INSERT INTO PRISTROJ (PRISTROJ_KEY, OZNACENI, NAZEV, UCEL, HROZBA_UROVEN, MISTNOST_KEY) VALUES (12.0,'N2Z5Y0U5U5','Vanisher','bdela noc v ntk',18.0,43.0);
INSERT INTO PRISTROJ (PRISTROJ_KEY, OZNACENI, NAZEV, UCEL, HROZBA_UROVEN, MISTNOST_KEY) VALUES (13.0,'K1Z0Q5F9I8','Lazarus','bolest',73.0,44.0);
INSERT INTO PRISTROJ (PRISTROJ_KEY, OZNACENI, NAZEV, UCEL, HROZBA_UROVEN, MISTNOST_KEY) VALUES (14.0,'N6Q0R1H8M5','Paintouch','bdela noc v ntk',45.0,45.0);
INSERT INTO PRISTROJ (PRISTROJ_KEY, OZNACENI, NAZEV, UCEL, HROZBA_UROVEN, MISTNOST_KEY) VALUES (15.0,'P4J9N2E2G9','Paintouch','deprese',19.0,38.0);
INSERT INTO PRISTROJ (PRISTROJ_KEY, OZNACENI, NAZEV, UCEL, HROZBA_UROVEN, MISTNOST_KEY) VALUES (16.0,'E2V7K4R3Z7','Compiler','bdela noc v ntk',61.0,39.0);
INSERT INTO PRISTROJ (PRISTROJ_KEY, OZNACENI, NAZEV, UCEL, HROZBA_UROVEN, MISTNOST_KEY) VALUES (17.0,'B1F3V2U2K9','Data modeler','deprese',88.0,46.0);
INSERT INTO PRISTROJ (PRISTROJ_KEY, OZNACENI, NAZEV, UCEL, HROZBA_UROVEN, MISTNOST_KEY) VALUES (18.0,'F9C3P6G5W4','Paintouch','pohoda',91.0,47.0);
INSERT INTO PRISTROJ (PRISTROJ_KEY, OZNACENI, NAZEV, UCEL, HROZBA_UROVEN, MISTNOST_KEY) VALUES (19.0,'W7A5C2Q4Z6','Lazarus','pohoda',2.0,48.0);
INSERT INTO PRISTROJ (PRISTROJ_KEY, OZNACENI, NAZEV, UCEL, HROZBA_UROVEN, MISTNOST_KEY) VALUES (20.0,'U2Y9G2J1H8','Vanisher','bolest',55.0,49.0);
INSERT INTO PRISTROJ (PRISTROJ_KEY, OZNACENI, NAZEV, UCEL, HROZBA_UROVEN, MISTNOST_KEY) VALUES (21.0,'Q6I2V2I8D7','Paintouch','bdela noc v ntk',25.0,NULL);
INSERT INTO PRISTROJ (PRISTROJ_KEY, OZNACENI, NAZEV, UCEL, HROZBA_UROVEN, MISTNOST_KEY) VALUES (22.0,'J6I3R7A5S3','Compiler','vypnuti progtestu',77.0,NULL);
INSERT INTO PRISTROJ (PRISTROJ_KEY, OZNACENI, NAZEV, UCEL, HROZBA_UROVEN, MISTNOST_KEY) VALUES (23.0,'Z0R0Z5Y9Q7','Compiler','vypnuti progtestu',45.0,NULL);
INSERT INTO PRISTROJ (PRISTROJ_KEY, OZNACENI, NAZEV, UCEL, HROZBA_UROVEN, MISTNOST_KEY) VALUES (24.0,'B1G5L8Y1G5','Compiler','pohoda',19.0,NULL);
INSERT INTO PRISTROJ (PRISTROJ_KEY, OZNACENI, NAZEV, UCEL, HROZBA_UROVEN, MISTNOST_KEY) VALUES (25.0,'L4R4V5H3M6','Data modeler','bolest',48.0,NULL);
INSERT INTO PRISTROJ (PRISTROJ_KEY, OZNACENI, NAZEV, UCEL, HROZBA_UROVEN, MISTNOST_KEY) VALUES (26.0,'G1V8D7Q1T8','Paintouch','bolest',63.0,NULL);
INSERT INTO PRISTROJ (PRISTROJ_KEY, OZNACENI, NAZEV, UCEL, HROZBA_UROVEN, MISTNOST_KEY) VALUES (27.0,'L3M9F4J0R0','Paintouch','bolest',18.0,NULL);
INSERT INTO PRISTROJ (PRISTROJ_KEY, OZNACENI, NAZEV, UCEL, HROZBA_UROVEN, MISTNOST_KEY) VALUES (28.0,'L0C3M0S0V2','Data modeler','bolest',24.0,NULL);
INSERT INTO PRISTROJ (PRISTROJ_KEY, OZNACENI, NAZEV, UCEL, HROZBA_UROVEN, MISTNOST_KEY) VALUES (29.0,'D4X7E3M1K2','Exterminator','pohoda',2.0,NULL);
INSERT INTO PRISTROJ (PRISTROJ_KEY, OZNACENI, NAZEV, UCEL, HROZBA_UROVEN, MISTNOST_KEY) VALUES (30.0,'D3U3A7M1I6','Paintouch','deprese',19.0,NULL);
INSERT INTO PRISTROJ (PRISTROJ_KEY, OZNACENI, NAZEV, UCEL, HROZBA_UROVEN, MISTNOST_KEY) VALUES (31.0,'Y7N5X8I7T1','Paintouch','pohoda',1.0,NULL);
INSERT INTO PRISTROJ (PRISTROJ_KEY, OZNACENI, NAZEV, UCEL, HROZBA_UROVEN, MISTNOST_KEY) VALUES (32.0,'L9Z2P1G8K8','Data modeler','deprese',66.0,NULL);
INSERT INTO PRISTROJ (PRISTROJ_KEY, OZNACENI, NAZEV, UCEL, HROZBA_UROVEN, MISTNOST_KEY) VALUES (33.0,'F7J1U3N2E1','Paintouch','bolest',70.0,NULL);
INSERT INTO PRISTROJ (PRISTROJ_KEY, OZNACENI, NAZEV, UCEL, HROZBA_UROVEN, MISTNOST_KEY) VALUES (34.0,'K9D9E9Z2I3','Paintouch','vypnuti progtestu',33.0,NULL);
INSERT INTO PRISTROJ (PRISTROJ_KEY, OZNACENI, NAZEV, UCEL, HROZBA_UROVEN, MISTNOST_KEY) VALUES (35.0,'M5R8U9K1O8','Lazarus','pohoda',7.0,NULL);
INSERT INTO PRISTROJ (PRISTROJ_KEY, OZNACENI, NAZEV, UCEL, HROZBA_UROVEN, MISTNOST_KEY) VALUES (36.0,'E0F4U2S5I5','Lazarus','deprese',5.0,NULL);
INSERT INTO PRISTROJ (PRISTROJ_KEY, OZNACENI, NAZEV, UCEL, HROZBA_UROVEN, MISTNOST_KEY) VALUES (37.0,'P9V6E1Y3M9','Paintouch','vypnuti progtestu',16.0,NULL);
INSERT INTO PRISTROJ (PRISTROJ_KEY, OZNACENI, NAZEV, UCEL, HROZBA_UROVEN, MISTNOST_KEY) VALUES (38.0,'K3V6E9L3T0','Exterminator','bdela noc v ntk',92.0,NULL);
INSERT INTO PRISTROJ (PRISTROJ_KEY, OZNACENI, NAZEV, UCEL, HROZBA_UROVEN, MISTNOST_KEY) VALUES (39.0,'J5A4T3R0E1','Exterminator','bolest',7.0,NULL);
INSERT INTO PRISTROJ (PRISTROJ_KEY, OZNACENI, NAZEV, UCEL, HROZBA_UROVEN, MISTNOST_KEY) VALUES (40.0,'G6T4I8I8Q0','Paintouch','vypnuti progtestu',99.0,NULL);
INSERT INTO PRISTROJ (PRISTROJ_KEY, OZNACENI, NAZEV, UCEL, HROZBA_UROVEN, MISTNOST_KEY) VALUES (41.0,'I2J7J8B1Q4','Paintouch','bolest',22.0,NULL);
INSERT INTO PRISTROJ (PRISTROJ_KEY, OZNACENI, NAZEV, UCEL, HROZBA_UROVEN, MISTNOST_KEY) VALUES (42.0,'Z1L0K3B5L6','Data modeler','pohoda',24.0,NULL);
INSERT INTO PRISTROJ (PRISTROJ_KEY, OZNACENI, NAZEV, UCEL, HROZBA_UROVEN, MISTNOST_KEY) VALUES (43.0,'U7F6H4W9X4','Compiler','bolest',57.0,NULL);
INSERT INTO PRISTROJ (PRISTROJ_KEY, OZNACENI, NAZEV, UCEL, HROZBA_UROVEN, MISTNOST_KEY) VALUES (44.0,'Y0K2E6C5M0','Paintouch','vypnuti progtestu',83.0,NULL);
INSERT INTO PRISTROJ (PRISTROJ_KEY, OZNACENI, NAZEV, UCEL, HROZBA_UROVEN, MISTNOST_KEY) VALUES (45.0,'P9N5W2V9I5','Exterminator','vypnuti progtestu',73.0,NULL);
INSERT INTO PRISTROJ (PRISTROJ_KEY, OZNACENI, NAZEV, UCEL, HROZBA_UROVEN, MISTNOST_KEY) VALUES (46.0,'K5A8L1C5A1','Exterminator','vypnuti progtestu',70.0,NULL);
INSERT INTO PRISTROJ (PRISTROJ_KEY, OZNACENI, NAZEV, UCEL, HROZBA_UROVEN, MISTNOST_KEY) VALUES (47.0,'Q8D8C2E6J6','Paintouch','vypnuti progtestu',41.0,NULL);
INSERT INTO PRISTROJ (PRISTROJ_KEY, OZNACENI, NAZEV, UCEL, HROZBA_UROVEN, MISTNOST_KEY) VALUES (48.0,'T7Q3O3P3T6','Compiler','pohoda',24.0,NULL);
INSERT INTO PRISTROJ (PRISTROJ_KEY, OZNACENI, NAZEV, UCEL, HROZBA_UROVEN, MISTNOST_KEY) VALUES (49.0,'R7G8D8O9S9','Data modeler','pohoda',77.0,NULL);
INSERT INTO PRISTROJ (PRISTROJ_KEY, OZNACENI, NAZEV, UCEL, HROZBA_UROVEN, MISTNOST_KEY) VALUES (50.0,'W0T9N3E3H0','Vanisher','bdela noc v ntk',48.0,NULL);
INSERT INTO PRISTROJ (PRISTROJ_KEY, OZNACENI, NAZEV, UCEL, HROZBA_UROVEN, MISTNOST_KEY) VALUES (51.0,'C6Z3U7O9D1','Exterminator','bolest',12.0,NULL);
INSERT INTO PRISTROJ (PRISTROJ_KEY, OZNACENI, NAZEV, UCEL, HROZBA_UROVEN, MISTNOST_KEY) VALUES (52.0,'L5S5R9G5V1','Compiler','deprese',42.0,NULL);
INSERT INTO PRISTROJ (PRISTROJ_KEY, OZNACENI, NAZEV, UCEL, HROZBA_UROVEN, MISTNOST_KEY) VALUES (53.0,'Q6K6N7N7Z7','Paintouch','vypnuti progtestu',7.0,NULL);
INSERT INTO PRISTROJ (PRISTROJ_KEY, OZNACENI, NAZEV, UCEL, HROZBA_UROVEN, MISTNOST_KEY) VALUES (54.0,'B7Y7H7E6L0','Exterminator','bolest',74.0,NULL);
INSERT INTO PRISTROJ (PRISTROJ_KEY, OZNACENI, NAZEV, UCEL, HROZBA_UROVEN, MISTNOST_KEY) VALUES (55.0,'S9D0H3R7S5','Paintouch','deprese',2.0,NULL);
INSERT INTO PRISTROJ (PRISTROJ_KEY, OZNACENI, NAZEV, UCEL, HROZBA_UROVEN, MISTNOST_KEY) VALUES (56.0,'B3O0T8H0J0','Paintouch','deprese',96.0,NULL);
INSERT INTO PRISTROJ (PRISTROJ_KEY, OZNACENI, NAZEV, UCEL, HROZBA_UROVEN, MISTNOST_KEY) VALUES (57.0,'Q6Z6Q3P7K3','Data modeler','deprese',29.0,NULL);
INSERT INTO PRISTROJ (PRISTROJ_KEY, OZNACENI, NAZEV, UCEL, HROZBA_UROVEN, MISTNOST_KEY) VALUES (58.0,'A5H3A3V5W7','Paintouch','vypnuti progtestu',12.0,NULL);
INSERT INTO PRISTROJ (PRISTROJ_KEY, OZNACENI, NAZEV, UCEL, HROZBA_UROVEN, MISTNOST_KEY) VALUES (59.0,'H5F0Q0J7B8','Data modeler','vypnuti progtestu',88.0,NULL);
INSERT INTO PRISTROJ (PRISTROJ_KEY, OZNACENI, NAZEV, UCEL, HROZBA_UROVEN, MISTNOST_KEY) VALUES (60.0,'U6G5C5R6M0','Vanisher','vypnuti progtestu',59.0,NULL);
INSERT INTO PRISTROJ (PRISTROJ_KEY, OZNACENI, NAZEV, UCEL, HROZBA_UROVEN, MISTNOST_KEY) VALUES (61.0,'Z1W1T4X8R5','Paintouch','deprese',48.0,NULL);
INSERT INTO PRISTROJ (PRISTROJ_KEY, OZNACENI, NAZEV, UCEL, HROZBA_UROVEN, MISTNOST_KEY) VALUES (62.0,'Y9E4D0K5D8','Exterminator','deprese',66.0,NULL);
INSERT INTO PRISTROJ (PRISTROJ_KEY, OZNACENI, NAZEV, UCEL, HROZBA_UROVEN, MISTNOST_KEY) VALUES (63.0,'E9O9G1C8Z5','Compiler','pohoda',80.0,NULL);
INSERT INTO PRISTROJ (PRISTROJ_KEY, OZNACENI, NAZEV, UCEL, HROZBA_UROVEN, MISTNOST_KEY) VALUES (64.0,'N1V3L7B8S2','Lazarus','pohoda',29.0,NULL);
INSERT INTO PRISTROJ (PRISTROJ_KEY, OZNACENI, NAZEV, UCEL, HROZBA_UROVEN, MISTNOST_KEY) VALUES (65.0,'L5A2D8M7B6','Compiler','pohoda',97.0,NULL);
INSERT INTO PRISTROJ (PRISTROJ_KEY, OZNACENI, NAZEV, UCEL, HROZBA_UROVEN, MISTNOST_KEY) VALUES (66.0,'Z4H3U3X8Z4','Paintouch','vypnuti progtestu',44.0,NULL);
INSERT INTO PRISTROJ (PRISTROJ_KEY, OZNACENI, NAZEV, UCEL, HROZBA_UROVEN, MISTNOST_KEY) VALUES (67.0,'E9N5S7Y8O7','Data modeler','bolest',70.0,NULL);
INSERT INTO PRISTROJ (PRISTROJ_KEY, OZNACENI, NAZEV, UCEL, HROZBA_UROVEN, MISTNOST_KEY) VALUES (68.0,'H4N1C4W4Q7','Data modeler','bdela noc v ntk',96.0,NULL);
INSERT INTO PRISTROJ (PRISTROJ_KEY, OZNACENI, NAZEV, UCEL, HROZBA_UROVEN, MISTNOST_KEY) VALUES (69.0,'V5M3L6R7O8','Vanisher','vypnuti progtestu',86.0,NULL);
INSERT INTO PRISTROJ (PRISTROJ_KEY, OZNACENI, NAZEV, UCEL, HROZBA_UROVEN, MISTNOST_KEY) VALUES (70.0,'S4X3L5W8G5','Data modeler','bdela noc v ntk',44.0,NULL);
INSERT INTO PRISTROJ (PRISTROJ_KEY, OZNACENI, NAZEV, UCEL, HROZBA_UROVEN, MISTNOST_KEY) VALUES (71.0,'P2O8G7X6G7','Data modeler','vypnuti progtestu',15.0,NULL);
INSERT INTO PRISTROJ (PRISTROJ_KEY, OZNACENI, NAZEV, UCEL, HROZBA_UROVEN, MISTNOST_KEY) VALUES (72.0,'G2M1O7N9F5','Lazarus','pohoda',53.0,NULL);
INSERT INTO PRISTROJ (PRISTROJ_KEY, OZNACENI, NAZEV, UCEL, HROZBA_UROVEN, MISTNOST_KEY) VALUES (73.0,'Y6X2C6M5F4','Exterminator','bdela noc v ntk',22.0,NULL);
INSERT INTO PRISTROJ (PRISTROJ_KEY, OZNACENI, NAZEV, UCEL, HROZBA_UROVEN, MISTNOST_KEY) VALUES (74.0,'U5D8O1O6A7','Exterminator','pohoda',84.0,NULL);
INSERT INTO PRISTROJ (PRISTROJ_KEY, OZNACENI, NAZEV, UCEL, HROZBA_UROVEN, MISTNOST_KEY) VALUES (75.0,'B3D4N3H8N1','Paintouch','deprese',81.0,NULL);
INSERT INTO PRISTROJ (PRISTROJ_KEY, OZNACENI, NAZEV, UCEL, HROZBA_UROVEN, MISTNOST_KEY) VALUES (76.0,'E2Z7E2P2M4','Vanisher','pohoda',23.0,NULL);
INSERT INTO PRISTROJ (PRISTROJ_KEY, OZNACENI, NAZEV, UCEL, HROZBA_UROVEN, MISTNOST_KEY) VALUES (77.0,'E2X5M0N4O9','Paintouch','deprese',81.0,NULL);
INSERT INTO PRISTROJ (PRISTROJ_KEY, OZNACENI, NAZEV, UCEL, HROZBA_UROVEN, MISTNOST_KEY) VALUES (78.0,'F4Y9I4J4U5','Data modeler','vypnuti progtestu',39.0,NULL);
INSERT INTO PRISTROJ (PRISTROJ_KEY, OZNACENI, NAZEV, UCEL, HROZBA_UROVEN, MISTNOST_KEY) VALUES (79.0,'N5B0E7R8B0','Paintouch','bolest',35.0,NULL);
INSERT INTO PRISTROJ (PRISTROJ_KEY, OZNACENI, NAZEV, UCEL, HROZBA_UROVEN, MISTNOST_KEY) VALUES (80.0,'L1B0O3Y5J7','Vanisher','pohoda',61.0,NULL);
INSERT INTO PRISTROJ (PRISTROJ_KEY, OZNACENI, NAZEV, UCEL, HROZBA_UROVEN, MISTNOST_KEY) VALUES (81.0,'E2B7D1M1G2','Data modeler','bolest',11.0,NULL);
INSERT INTO PRISTROJ (PRISTROJ_KEY, OZNACENI, NAZEV, UCEL, HROZBA_UROVEN, MISTNOST_KEY) VALUES (82.0,'F6A1R1Y1H3','Lazarus','pohoda',91.0,NULL);
INSERT INTO PRISTROJ (PRISTROJ_KEY, OZNACENI, NAZEV, UCEL, HROZBA_UROVEN, MISTNOST_KEY) VALUES (83.0,'U9D2N1O5C7','Compiler','bdela noc v ntk',65.0,NULL);
INSERT INTO PRISTROJ (PRISTROJ_KEY, OZNACENI, NAZEV, UCEL, HROZBA_UROVEN, MISTNOST_KEY) VALUES (84.0,'U2M9G6Y1T0','Compiler','deprese',94.0,NULL);
INSERT INTO PRISTROJ (PRISTROJ_KEY, OZNACENI, NAZEV, UCEL, HROZBA_UROVEN, MISTNOST_KEY) VALUES (85.0,'M9S1D7K4S2','Compiler','bolest',53.0,NULL);
INSERT INTO PRISTROJ (PRISTROJ_KEY, OZNACENI, NAZEV, UCEL, HROZBA_UROVEN, MISTNOST_KEY) VALUES (86.0,'Z5Q3J7E3M8','Lazarus','deprese',53.0,NULL);
INSERT INTO PRISTROJ (PRISTROJ_KEY, OZNACENI, NAZEV, UCEL, HROZBA_UROVEN, MISTNOST_KEY) VALUES (87.0,'R9I5K4O0R2','Exterminator','bolest',76.0,NULL);
INSERT INTO PRISTROJ (PRISTROJ_KEY, OZNACENI, NAZEV, UCEL, HROZBA_UROVEN, MISTNOST_KEY) VALUES (88.0,'Q0I4D0K3V1','Data modeler','vypnuti progtestu',11.0,NULL);
INSERT INTO PRISTROJ (PRISTROJ_KEY, OZNACENI, NAZEV, UCEL, HROZBA_UROVEN, MISTNOST_KEY) VALUES (89.0,'O1J9R8H0Z1','Vanisher','deprese',42.0,NULL);
INSERT INTO PRISTROJ (PRISTROJ_KEY, OZNACENI, NAZEV, UCEL, HROZBA_UROVEN, MISTNOST_KEY) VALUES (90.0,'E6E9K3Y2P3','Lazarus','deprese',44.0,NULL);
INSERT INTO PRISTROJ (PRISTROJ_KEY, OZNACENI, NAZEV, UCEL, HROZBA_UROVEN, MISTNOST_KEY) VALUES (91.0,'D0G9C7X7P0','Compiler','bdela noc v ntk',31.0,NULL);
INSERT INTO PRISTROJ (PRISTROJ_KEY, OZNACENI, NAZEV, UCEL, HROZBA_UROVEN, MISTNOST_KEY) VALUES (92.0,'B5K5L2Y1J6','Vanisher','pohoda',31.0,NULL);
INSERT INTO PRISTROJ (PRISTROJ_KEY, OZNACENI, NAZEV, UCEL, HROZBA_UROVEN, MISTNOST_KEY) VALUES (93.0,'B9N2W8U5X1','Paintouch','bdela noc v ntk',3.0,NULL);
INSERT INTO PRISTROJ (PRISTROJ_KEY, OZNACENI, NAZEV, UCEL, HROZBA_UROVEN, MISTNOST_KEY) VALUES (94.0,'P3Y3O4M1O8','Compiler','bolest',32.0,NULL);
INSERT INTO PRISTROJ (PRISTROJ_KEY, OZNACENI, NAZEV, UCEL, HROZBA_UROVEN, MISTNOST_KEY) VALUES (95.0,'W5M7N8F4I9','Vanisher','pohoda',76.0,NULL);
INSERT INTO PRISTROJ (PRISTROJ_KEY, OZNACENI, NAZEV, UCEL, HROZBA_UROVEN, MISTNOST_KEY) VALUES (96.0,'L8E3Y4L0X7','Paintouch','vypnuti progtestu',56.0,NULL);
INSERT INTO PRISTROJ (PRISTROJ_KEY, OZNACENI, NAZEV, UCEL, HROZBA_UROVEN, MISTNOST_KEY) VALUES (97.0,'G5F5Z3Y1E2','Data modeler','bdela noc v ntk',17.0,NULL);
INSERT INTO PRISTROJ (PRISTROJ_KEY, OZNACENI, NAZEV, UCEL, HROZBA_UROVEN, MISTNOST_KEY) VALUES (98.0,'Z8F2N2O0M3','Exterminator','bdela noc v ntk',92.0,NULL);
INSERT INTO PRISTROJ (PRISTROJ_KEY, OZNACENI, NAZEV, UCEL, HROZBA_UROVEN, MISTNOST_KEY) VALUES (99.0,'V7T4V2M7I3','Vanisher','vypnuti progtestu',77.0,NULL);
INSERT INTO PRISTROJ (PRISTROJ_KEY, OZNACENI, NAZEV, UCEL, HROZBA_UROVEN, MISTNOST_KEY) VALUES (100.0,'U1T8K2W1K2','Paintouch','bdela noc v ntk',38.0,NULL);



INSERT INTO PROCEDURA (POPIS, UROVEN_BOLESTI, LECBA_KEY) VALUES ('oddychove',21.0,1.0);
INSERT INTO PROCEDURA (POPIS, UROVEN_BOLESTI, LECBA_KEY) VALUES ('nenavidene',3.0,2.0);
INSERT INTO PROCEDURA (POPIS, UROVEN_BOLESTI, LECBA_KEY) VALUES ('propojuje telo a mysl',20.0,3.0);
INSERT INTO PROCEDURA (POPIS, UROVEN_BOLESTI, LECBA_KEY) VALUES ('oddychove',93.0,4.0);
INSERT INTO PROCEDURA (POPIS, UROVEN_BOLESTI, LECBA_KEY) VALUES ('propojuje telo a mysl',53.0,5.0);
INSERT INTO PROCEDURA (POPIS, UROVEN_BOLESTI, LECBA_KEY) VALUES ('nutne pro psychicke zdravi',5.0,6.0);
INSERT INTO PROCEDURA (POPIS, UROVEN_BOLESTI, LECBA_KEY) VALUES ('propojuje telo a mysl',43.0,7.0);
INSERT INTO PROCEDURA (POPIS, UROVEN_BOLESTI, LECBA_KEY) VALUES ('velmi oblibene',39.0,8.0);
INSERT INTO PROCEDURA (POPIS, UROVEN_BOLESTI, LECBA_KEY) VALUES ('nutne pro psychicke zdravi',35.0,9.0);
INSERT INTO PROCEDURA (POPIS, UROVEN_BOLESTI, LECBA_KEY) VALUES ('oddychove',97.0,10.0);



INSERT INTO TERAPIE (TYP, UCINNOST, LECBA_KEY) VALUES ('progresivni',57.0,11.0);
INSERT INTO TERAPIE (TYP, UCINNOST, LECBA_KEY) VALUES ('farmakologicka',82.0,12.0);
INSERT INTO TERAPIE (TYP, UCINNOST, LECBA_KEY) VALUES ('reflexni',17.0,13.0);
INSERT INTO TERAPIE (TYP, UCINNOST, LECBA_KEY) VALUES ('progresivni',88.0,14.0);
INSERT INTO TERAPIE (TYP, UCINNOST, LECBA_KEY) VALUES ('artisticka',55.0,15.0);
INSERT INTO TERAPIE (TYP, UCINNOST, LECBA_KEY) VALUES ('farmakologicka',78.0,16.0);
INSERT INTO TERAPIE (TYP, UCINNOST, LECBA_KEY) VALUES ('reflexni',40.0,17.0);
INSERT INTO TERAPIE (TYP, UCINNOST, LECBA_KEY) VALUES ('odvykaci',31.0,18.0);
INSERT INTO TERAPIE (TYP, UCINNOST, LECBA_KEY) VALUES ('odvykaci',62.0,19.0);
INSERT INTO TERAPIE (TYP, UCINNOST, LECBA_KEY) VALUES ('odvykaci',83.0,20.0);




INSERT INTO VUZ (VUZ_KEY, SPZ, UCEL, NAZEV, ODDELENI_KEY) VALUES (1.0,'8Z9-650','transport pacientu','Honda',6.0);
INSERT INTO VUZ (VUZ_KEY, SPZ, UCEL, NAZEV, ODDELENI_KEY) VALUES (2.0,'0B2-809','rozvoz jidla','BMW',3.0);
INSERT INTO VUZ (VUZ_KEY, SPZ, UCEL, NAZEV, ODDELENI_KEY) VALUES (3.0,'5M1-946','transport personalu','Dongfeng Motor',4.0);
INSERT INTO VUZ (VUZ_KEY, SPZ, UCEL, NAZEV, ODDELENI_KEY) VALUES (4.0,'8L3-742','transport personalu','Seat',4.0);
INSERT INTO VUZ (VUZ_KEY, SPZ, UCEL, NAZEV, ODDELENI_KEY) VALUES (5.0,'5T0-725','sanitarni vuz','Mazda',6.0);
INSERT INTO VUZ (VUZ_KEY, SPZ, UCEL, NAZEV, ODDELENI_KEY) VALUES (6.0,'9G6-231','rozvoz jidla','Audi',2.0);
INSERT INTO VUZ (VUZ_KEY, SPZ, UCEL, NAZEV, ODDELENI_KEY) VALUES (7.0,'2G5-975','presun komodit','Kenworth',2.0);
INSERT INTO VUZ (VUZ_KEY, SPZ, UCEL, NAZEV, ODDELENI_KEY) VALUES (8.0,'2H7-773','sanitarni vuz','Tata Motors',2.0);
INSERT INTO VUZ (VUZ_KEY, SPZ, UCEL, NAZEV, ODDELENI_KEY) VALUES (9.0,'5P4-718','presun komodit','Isuzu',8.0);
INSERT INTO VUZ (VUZ_KEY, SPZ, UCEL, NAZEV, ODDELENI_KEY) VALUES (10.0,'4K7-557','transport personalu','Nissan',3.0);
INSERT INTO VUZ (VUZ_KEY, SPZ, UCEL, NAZEV, ODDELENI_KEY) VALUES (11.0,'1L0-302','transport personalu','JLR',8.0);
INSERT INTO VUZ (VUZ_KEY, SPZ, UCEL, NAZEV, ODDELENI_KEY) VALUES (12.0,'3C6-675','rozvoz jidla','Chevrolet',2.0);
INSERT INTO VUZ (VUZ_KEY, SPZ, UCEL, NAZEV, ODDELENI_KEY) VALUES (13.0,'7A0-712','transport pacientu','Dodge',5.0);
INSERT INTO VUZ (VUZ_KEY, SPZ, UCEL, NAZEV, ODDELENI_KEY) VALUES (14.0,'7S8-423','transport pacientu','Infiniti',7.0);
INSERT INTO VUZ (VUZ_KEY, SPZ, UCEL, NAZEV, ODDELENI_KEY) VALUES (15.0,'6U7-003','transport pacientu','Smart',7.0);
INSERT INTO VUZ (VUZ_KEY, SPZ, UCEL, NAZEV, ODDELENI_KEY) VALUES (16.0,'1E1-058','transport pacientu','Hyundai Motors',2.0);
INSERT INTO VUZ (VUZ_KEY, SPZ, UCEL, NAZEV, ODDELENI_KEY) VALUES (17.0,'3N6-859','rozvoz jidla','Kia Motors',8.0);
INSERT INTO VUZ (VUZ_KEY, SPZ, UCEL, NAZEV, ODDELENI_KEY) VALUES (18.0,'8H4-131','transport personalu','Dacia',8.0);
INSERT INTO VUZ (VUZ_KEY, SPZ, UCEL, NAZEV, ODDELENI_KEY) VALUES (19.0,'4C1-630','rozvoz jidla','Suzuki',2.0);
INSERT INTO VUZ (VUZ_KEY, SPZ, UCEL, NAZEV, ODDELENI_KEY) VALUES (20.0,'2Q7-535','presun komodit','Subaru',4.0);
INSERT INTO VUZ (VUZ_KEY, SPZ, UCEL, NAZEV, ODDELENI_KEY) VALUES (21.0,'8P5-729','transport pacientu','Daihatsu',2.0);
INSERT INTO VUZ (VUZ_KEY, SPZ, UCEL, NAZEV, ODDELENI_KEY) VALUES (22.0,'0Y5-249','rozvoz jidla','Volvo',6.0);
INSERT INTO VUZ (VUZ_KEY, SPZ, UCEL, NAZEV, ODDELENI_KEY) VALUES (23.0,'3S0-106','transport personalu','Ford',7.0);
INSERT INTO VUZ (VUZ_KEY, SPZ, UCEL, NAZEV, ODDELENI_KEY) VALUES (24.0,'2L2-276','transport pacientu','RAM Trucks',3.0);
INSERT INTO VUZ (VUZ_KEY, SPZ, UCEL, NAZEV, ODDELENI_KEY) VALUES (25.0,'1R0-186','transport pacientu','Smart',3.0);
INSERT INTO VUZ (VUZ_KEY, SPZ, UCEL, NAZEV, ODDELENI_KEY) VALUES (26.0,'4W2-441','rozvoz jidla','Volkswagen',8.0);
INSERT INTO VUZ (VUZ_KEY, SPZ, UCEL, NAZEV, ODDELENI_KEY) VALUES (27.0,'1J1-765','presun komodit','RAM Trucks',5.0);
INSERT INTO VUZ (VUZ_KEY, SPZ, UCEL, NAZEV, ODDELENI_KEY) VALUES (28.0,'1O0-599','rozvoz jidla','Tata Motors',6.0);
INSERT INTO VUZ (VUZ_KEY, SPZ, UCEL, NAZEV, ODDELENI_KEY) VALUES (29.0,'2M1-265','sanitarni vuz','Daihatsu',5.0);
INSERT INTO VUZ (VUZ_KEY, SPZ, UCEL, NAZEV, ODDELENI_KEY) VALUES (30.0,'2O0-533','transport pacientu','Dongfeng Motor',5.0);




INSERT INTO ZAMESTNANEC (ZAMESTNANEC_KEY, OSOBNI_CISLO, JMENO, PRIJMENI, POZICE, POCATEK_POMERU, POCITAC_KEY) VALUES (1.0,1606111583099,'Miranda','Koch','Ekonom',to_date('23/06/2018', 'DD/MM/RRRR'),24.0);
INSERT INTO ZAMESTNANEC (ZAMESTNANEC_KEY, OSOBNI_CISLO, JMENO, PRIJMENI, POZICE, POCATEK_POMERU, POCITAC_KEY) VALUES (2.0,1632082335099,'Wylie','Dennis','Udrzbar',to_date('19/08/2019', 'DD/MM/RRRR'),25.0);
INSERT INTO ZAMESTNANEC (ZAMESTNANEC_KEY, OSOBNI_CISLO, JMENO, PRIJMENI, POZICE, POCATEK_POMERU, POCITAC_KEY) VALUES (3.0,1661042590599,'Micah','Mcknight','Medik',to_date('18/09/2018', 'DD/MM/RRRR'),1.0);
INSERT INTO ZAMESTNANEC (ZAMESTNANEC_KEY, OSOBNI_CISLO, JMENO, PRIJMENI, POZICE, POCATEK_POMERU, POCITAC_KEY) VALUES (4.0,1632070715899,'Pascale','Jennings','Osetrovatel',to_date('03/09/2018', 'DD/MM/RRRR'),2.0);
INSERT INTO ZAMESTNANEC (ZAMESTNANEC_KEY, OSOBNI_CISLO, JMENO, PRIJMENI, POZICE, POCATEK_POMERU, POCITAC_KEY) VALUES (5.0,1627022117599,'Porter','Haney','Zahradnik',to_date('25/02/2019', 'DD/MM/RRRR'),26.0);
INSERT INTO ZAMESTNANEC (ZAMESTNANEC_KEY, OSOBNI_CISLO, JMENO, PRIJMENI, POZICE, POCATEK_POMERU, POCITAC_KEY) VALUES (6.0,1657080790099,'Amanda','Peck','IT',to_date('12/10/2019', 'DD/MM/RRRR'),27.0);
INSERT INTO ZAMESTNANEC (ZAMESTNANEC_KEY, OSOBNI_CISLO, JMENO, PRIJMENI, POZICE, POCATEK_POMERU, POCITAC_KEY) VALUES (7.0,1696050279699,'Charissa','Carter','Ucetni',to_date('08/05/2018', 'DD/MM/RRRR'),28.0);
INSERT INTO ZAMESTNANEC (ZAMESTNANEC_KEY, OSOBNI_CISLO, JMENO, PRIJMENI, POZICE, POCATEK_POMERU, POCITAC_KEY) VALUES (8.0,1685051688799,'Hammett','Caldwell','Uklizec',to_date('18/08/2018', 'DD/MM/RRRR'),29.0);
INSERT INTO ZAMESTNANEC (ZAMESTNANEC_KEY, OSOBNI_CISLO, JMENO, PRIJMENI, POZICE, POCATEK_POMERU, POCITAC_KEY) VALUES (9.0,1693040894799,'Amir','Stanley','Lekar',to_date('27/08/2019', 'DD/MM/RRRR'),3.0);
INSERT INTO ZAMESTNANEC (ZAMESTNANEC_KEY, OSOBNI_CISLO, JMENO, PRIJMENI, POZICE, POCATEK_POMERU, POCITAC_KEY) VALUES (10.0,1655121153899,'Denise','Little','Medik',to_date('17/03/2019', 'DD/MM/RRRR'),4.0);
INSERT INTO ZAMESTNANEC (ZAMESTNANEC_KEY, OSOBNI_CISLO, JMENO, PRIJMENI, POZICE, POCATEK_POMERU, POCITAC_KEY) VALUES (11.0,1693091143499,'Cadman','Figueroa','Ekonom',to_date('18/11/2019', 'DD/MM/RRRR'),30.0);
INSERT INTO ZAMESTNANEC (ZAMESTNANEC_KEY, OSOBNI_CISLO, JMENO, PRIJMENI, POZICE, POCATEK_POMERU, POCITAC_KEY) VALUES (12.0,1696092809599,'Jena','Burks','IT',to_date('02/05/2019', 'DD/MM/RRRR'),31.0);
INSERT INTO ZAMESTNANEC (ZAMESTNANEC_KEY, OSOBNI_CISLO, JMENO, PRIJMENI, POZICE, POCATEK_POMERU, POCITAC_KEY) VALUES (13.0,1631100393499,'Wynne','Chen','Vedec',to_date('05/01/2019', 'DD/MM/RRRR'),5.0);
INSERT INTO ZAMESTNANEC (ZAMESTNANEC_KEY, OSOBNI_CISLO, JMENO, PRIJMENI, POZICE, POCATEK_POMERU, POCITAC_KEY) VALUES (14.0,1629012554099,'Moses','Saunders','Uklizec',to_date('14/07/2018', 'DD/MM/RRRR'),32.0);
INSERT INTO ZAMESTNANEC (ZAMESTNANEC_KEY, OSOBNI_CISLO, JMENO, PRIJMENI, POZICE, POCATEK_POMERU, POCITAC_KEY) VALUES (15.0,1601090570799,'Gray','Rosales','Udrzbar',to_date('23/09/2019', 'DD/MM/RRRR'),33.0);
INSERT INTO ZAMESTNANEC (ZAMESTNANEC_KEY, OSOBNI_CISLO, JMENO, PRIJMENI, POZICE, POCATEK_POMERU, POCITAC_KEY) VALUES (16.0,1674041239799,'Lila','Hodge','Kuchar',to_date('22/09/2019', 'DD/MM/RRRR'),34.0);
INSERT INTO ZAMESTNANEC (ZAMESTNANEC_KEY, OSOBNI_CISLO, JMENO, PRIJMENI, POZICE, POCATEK_POMERU, POCITAC_KEY) VALUES (17.0,1632021442899,'Nissim','Daniel','Ridic',to_date('24/08/2019', 'DD/MM/RRRR'),35.0);
INSERT INTO ZAMESTNANEC (ZAMESTNANEC_KEY, OSOBNI_CISLO, JMENO, PRIJMENI, POZICE, POCATEK_POMERU, POCITAC_KEY) VALUES (18.0,1685042070599,'Remedios','Carney','Vedec',to_date('16/03/2019', 'DD/MM/RRRR'),6.0);
INSERT INTO ZAMESTNANEC (ZAMESTNANEC_KEY, OSOBNI_CISLO, JMENO, PRIJMENI, POZICE, POCATEK_POMERU, POCITAC_KEY) VALUES (19.0,1696100208499,'Mufutau','Conrad','Zahradnik',to_date('30/10/2019', 'DD/MM/RRRR'),36.0);
INSERT INTO ZAMESTNANEC (ZAMESTNANEC_KEY, OSOBNI_CISLO, JMENO, PRIJMENI, POZICE, POCATEK_POMERU, POCITAC_KEY) VALUES (20.0,1666030110799,'Virginia','Molina','Osetrovatel',to_date('25/03/2019', 'DD/MM/RRRR'),7.0);
INSERT INTO ZAMESTNANEC (ZAMESTNANEC_KEY, OSOBNI_CISLO, JMENO, PRIJMENI, POZICE, POCATEK_POMERU, POCITAC_KEY) VALUES (21.0,1617031801099,'Walter','Carrillo','Zahradnik',to_date('27/08/2018', 'DD/MM/RRRR'),37.0);
INSERT INTO ZAMESTNANEC (ZAMESTNANEC_KEY, OSOBNI_CISLO, JMENO, PRIJMENI, POZICE, POCATEK_POMERU, POCITAC_KEY) VALUES (22.0,1618072249299,'Jonas','Whitley','Vedec',to_date('25/12/2018', 'DD/MM/RRRR'),8.0);
INSERT INTO ZAMESTNANEC (ZAMESTNANEC_KEY, OSOBNI_CISLO, JMENO, PRIJMENI, POZICE, POCATEK_POMERU, POCITAC_KEY) VALUES (23.0,1606042405799,'Wyoming','Atkinson','Farmaceut',to_date('30/03/2020', 'DD/MM/RRRR'),9.0);
INSERT INTO ZAMESTNANEC (ZAMESTNANEC_KEY, OSOBNI_CISLO, JMENO, PRIJMENI, POZICE, POCATEK_POMERU, POCITAC_KEY) VALUES (24.0,1671060411099,'Allistair','Cervantes','Kuchar',to_date('08/03/2020', 'DD/MM/RRRR'),38.0);
INSERT INTO ZAMESTNANEC (ZAMESTNANEC_KEY, OSOBNI_CISLO, JMENO, PRIJMENI, POZICE, POCATEK_POMERU, POCITAC_KEY) VALUES (25.0,1675080110499,'Nomlanga','Kinney','Lekar',to_date('23/01/2019', 'DD/MM/RRRR'),10.0);
INSERT INTO ZAMESTNANEC (ZAMESTNANEC_KEY, OSOBNI_CISLO, JMENO, PRIJMENI, POZICE, POCATEK_POMERU, POCITAC_KEY) VALUES (26.0,1675111734199,'Jerome','Taylor','Ucetni',to_date('26/12/2018', 'DD/MM/RRRR'),39.0);
INSERT INTO ZAMESTNANEC (ZAMESTNANEC_KEY, OSOBNI_CISLO, JMENO, PRIJMENI, POZICE, POCATEK_POMERU, POCITAC_KEY) VALUES (27.0,1668061458599,'Graham','Hall','Osetrovatel',to_date('07/02/2020', 'DD/MM/RRRR'),11.0);
INSERT INTO ZAMESTNANEC (ZAMESTNANEC_KEY, OSOBNI_CISLO, JMENO, PRIJMENI, POZICE, POCATEK_POMERU, POCITAC_KEY) VALUES (28.0,1696090904299,'Joseph','Gill','Ekonom',to_date('03/02/2019', 'DD/MM/RRRR'),40.0);
INSERT INTO ZAMESTNANEC (ZAMESTNANEC_KEY, OSOBNI_CISLO, JMENO, PRIJMENI, POZICE, POCATEK_POMERU, POCITAC_KEY) VALUES (29.0,1671110876299,'Ria','Hunter','Ridic',to_date('17/08/2018', 'DD/MM/RRRR'),41.0);
INSERT INTO ZAMESTNANEC (ZAMESTNANEC_KEY, OSOBNI_CISLO, JMENO, PRIJMENI, POZICE, POCATEK_POMERU, POCITAC_KEY) VALUES (30.0,1632123044899,'Cameron','Anderson','Hlidacl',to_date('19/03/2020', 'DD/MM/RRRR'),42.0);
INSERT INTO ZAMESTNANEC (ZAMESTNANEC_KEY, OSOBNI_CISLO, JMENO, PRIJMENI, POZICE, POCATEK_POMERU, POCITAC_KEY) VALUES (31.0,1645081374999,'Ian','Oliver','Vedec',to_date('28/02/2020', 'DD/MM/RRRR'),12.0);
INSERT INTO ZAMESTNANEC (ZAMESTNANEC_KEY, OSOBNI_CISLO, JMENO, PRIJMENI, POZICE, POCATEK_POMERU, POCITAC_KEY) VALUES (32.0,1674010496699,'Candace','Joyner','Uklizec',to_date('21/11/2018', 'DD/MM/RRRR'),43.0);
INSERT INTO ZAMESTNANEC (ZAMESTNANEC_KEY, OSOBNI_CISLO, JMENO, PRIJMENI, POZICE, POCATEK_POMERU, POCITAC_KEY) VALUES (33.0,1659051387299,'Tatum','Cotton','Ridic',to_date('29/05/2018', 'DD/MM/RRRR'),44.0);
INSERT INTO ZAMESTNANEC (ZAMESTNANEC_KEY, OSOBNI_CISLO, JMENO, PRIJMENI, POZICE, POCATEK_POMERU, POCITAC_KEY) VALUES (34.0,1630122878699,'Serina','Mccray','Osetrovatel',to_date('21/01/2019', 'DD/MM/RRRR'),45.0);
INSERT INTO ZAMESTNANEC (ZAMESTNANEC_KEY, OSOBNI_CISLO, JMENO, PRIJMENI, POZICE, POCATEK_POMERU, POCITAC_KEY) VALUES (35.0,1636111050399,'Wilma','Tillman','Zdravotni sestra',to_date('05/05/2019', 'DD/MM/RRRR'),14.0);
INSERT INTO ZAMESTNANEC (ZAMESTNANEC_KEY, OSOBNI_CISLO, JMENO, PRIJMENI, POZICE, POCATEK_POMERU, POCITAC_KEY) VALUES (36.0,1668122452299,'Tara','Norton','Uklizec',to_date('07/05/2019', 'DD/MM/RRRR'),46.0);
INSERT INTO ZAMESTNANEC (ZAMESTNANEC_KEY, OSOBNI_CISLO, JMENO, PRIJMENI, POZICE, POCATEK_POMERU, POCITAC_KEY) VALUES (37.0,1694081478499,'Fredericka','Hester','Udrzbar',to_date('06/08/2019', 'DD/MM/RRRR'),47.0);
INSERT INTO ZAMESTNANEC (ZAMESTNANEC_KEY, OSOBNI_CISLO, JMENO, PRIJMENI, POZICE, POCATEK_POMERU, POCITAC_KEY) VALUES (38.0,1626040161899,'Ira','Lawrence','IT',to_date('23/11/2018', 'DD/MM/RRRR'),48.0);
INSERT INTO ZAMESTNANEC (ZAMESTNANEC_KEY, OSOBNI_CISLO, JMENO, PRIJMENI, POZICE, POCATEK_POMERU, POCITAC_KEY) VALUES (39.0,1683092289799,'Justina','Allen','Hlidacl',to_date('03/02/2020', 'DD/MM/RRRR'),49.0);
INSERT INTO ZAMESTNANEC (ZAMESTNANEC_KEY, OSOBNI_CISLO, JMENO, PRIJMENI, POZICE, POCATEK_POMERU, POCITAC_KEY) VALUES (40.0,1647032217499,'Roth','Small','Zdravotni sestra',to_date('03/12/2018', 'DD/MM/RRRR'),15.0);
INSERT INTO ZAMESTNANEC (ZAMESTNANEC_KEY, OSOBNI_CISLO, JMENO, PRIJMENI, POZICE, POCATEK_POMERU, POCITAC_KEY) VALUES (41.0,1688122371999,'Kasper','Harding','Ucetni',to_date('20/08/2018', 'DD/MM/RRRR'),50.0);
INSERT INTO ZAMESTNANEC (ZAMESTNANEC_KEY, OSOBNI_CISLO, JMENO, PRIJMENI, POZICE, POCATEK_POMERU, POCITAC_KEY) VALUES (42.0,1619061375399,'Devin','Bradford','Zdravotni sestra',to_date('12/11/2019', 'DD/MM/RRRR'),16.0);
INSERT INTO ZAMESTNANEC (ZAMESTNANEC_KEY, OSOBNI_CISLO, JMENO, PRIJMENI, POZICE, POCATEK_POMERU, POCITAC_KEY) VALUES (43.0,1641080878899,'Teagan','Daniel','Kuchar',to_date('05/09/2018', 'DD/MM/RRRR'),51.0);
INSERT INTO ZAMESTNANEC (ZAMESTNANEC_KEY, OSOBNI_CISLO, JMENO, PRIJMENI, POZICE, POCATEK_POMERU, POCITAC_KEY) VALUES (44.0,1695112675099,'Jameson','Kline','Medik',to_date('01/08/2018', 'DD/MM/RRRR'),17.0);
INSERT INTO ZAMESTNANEC (ZAMESTNANEC_KEY, OSOBNI_CISLO, JMENO, PRIJMENI, POZICE, POCATEK_POMERU, POCITAC_KEY) VALUES (45.0,1613061656899,'Jael','Grimes','Kuchar',to_date('10/12/2019', 'DD/MM/RRRR'),52.0);
INSERT INTO ZAMESTNANEC (ZAMESTNANEC_KEY, OSOBNI_CISLO, JMENO, PRIJMENI, POZICE, POCATEK_POMERU, POCITAC_KEY) VALUES (46.0,1694090496499,'Ali','Henson','Ridic',to_date('10/02/2020', 'DD/MM/RRRR'),53.0);
INSERT INTO ZAMESTNANEC (ZAMESTNANEC_KEY, OSOBNI_CISLO, JMENO, PRIJMENI, POZICE, POCATEK_POMERU, POCITAC_KEY) VALUES (47.0,1635012671999,'Simone','Tyson','Ucetni',to_date('20/05/2018', 'DD/MM/RRRR'),54.0);
INSERT INTO ZAMESTNANEC (ZAMESTNANEC_KEY, OSOBNI_CISLO, JMENO, PRIJMENI, POZICE, POCATEK_POMERU, POCITAC_KEY) VALUES (48.0,1676081167799,'Nita','Wade','Zahradnik',to_date('03/06/2018', 'DD/MM/RRRR'),55.0);
INSERT INTO ZAMESTNANEC (ZAMESTNANEC_KEY, OSOBNI_CISLO, JMENO, PRIJMENI, POZICE, POCATEK_POMERU, POCITAC_KEY) VALUES (49.0,1638022652599,'Jonas','Landry','IT',to_date('04/02/2020', 'DD/MM/RRRR'),56.0);
INSERT INTO ZAMESTNANEC (ZAMESTNANEC_KEY, OSOBNI_CISLO, JMENO, PRIJMENI, POZICE, POCATEK_POMERU, POCITAC_KEY) VALUES (50.0,1687090810699,'Kirby','Hendrix','Zahradnik',to_date('13/03/2019', 'DD/MM/RRRR'),57.0);
INSERT INTO ZAMESTNANEC (ZAMESTNANEC_KEY, OSOBNI_CISLO, JMENO, PRIJMENI, POZICE, POCATEK_POMERU, POCITAC_KEY) VALUES (51.0,1670082865299,'Jonah','Haynes','Uklizec',to_date('27/08/2018', 'DD/MM/RRRR'),58.0);
INSERT INTO ZAMESTNANEC (ZAMESTNANEC_KEY, OSOBNI_CISLO, JMENO, PRIJMENI, POZICE, POCATEK_POMERU, POCITAC_KEY) VALUES (52.0,1618062046199,'Selma','Hayden','Farmaceut',to_date('21/04/2020', 'DD/MM/RRRR'),18.0);
INSERT INTO ZAMESTNANEC (ZAMESTNANEC_KEY, OSOBNI_CISLO, JMENO, PRIJMENI, POZICE, POCATEK_POMERU, POCITAC_KEY) VALUES (53.0,1671122512199,'Ryan','Kidd','Ekonom',to_date('25/08/2019', 'DD/MM/RRRR'),59.0);
INSERT INTO ZAMESTNANEC (ZAMESTNANEC_KEY, OSOBNI_CISLO, JMENO, PRIJMENI, POZICE, POCATEK_POMERU, POCITAC_KEY) VALUES (54.0,1629121559099,'Branden','Cruz','Farmaceut',to_date('25/07/2018', 'DD/MM/RRRR'),19.0);
INSERT INTO ZAMESTNANEC (ZAMESTNANEC_KEY, OSOBNI_CISLO, JMENO, PRIJMENI, POZICE, POCATEK_POMERU, POCITAC_KEY) VALUES (55.0,1605052685099,'Odette','Mercado','Vedec',to_date('27/11/2019', 'DD/MM/RRRR'),20.0);
INSERT INTO ZAMESTNANEC (ZAMESTNANEC_KEY, OSOBNI_CISLO, JMENO, PRIJMENI, POZICE, POCATEK_POMERU, POCITAC_KEY) VALUES (56.0,1619030123999,'Jeanette','Stout','Hlidacl',to_date('07/04/2020', 'DD/MM/RRRR'),60.0);
INSERT INTO ZAMESTNANEC (ZAMESTNANEC_KEY, OSOBNI_CISLO, JMENO, PRIJMENI, POZICE, POCATEK_POMERU, POCITAC_KEY) VALUES (57.0,1629091602199,'Zenaida','David','Zdravotni sestra',to_date('05/07/2018', 'DD/MM/RRRR'),21.0);
INSERT INTO ZAMESTNANEC (ZAMESTNANEC_KEY, OSOBNI_CISLO, JMENO, PRIJMENI, POZICE, POCATEK_POMERU, POCITAC_KEY) VALUES (58.0,1696070660599,'Irene','Patton','Udrzbar',to_date('25/09/2018', 'DD/MM/RRRR'),61.0);
INSERT INTO ZAMESTNANEC (ZAMESTNANEC_KEY, OSOBNI_CISLO, JMENO, PRIJMENI, POZICE, POCATEK_POMERU, POCITAC_KEY) VALUES (59.0,1675111522199,'Kylan','Mcfadden','Zahradnik',to_date('10/05/2018', 'DD/MM/RRRR'),62.0);
INSERT INTO ZAMESTNANEC (ZAMESTNANEC_KEY, OSOBNI_CISLO, JMENO, PRIJMENI, POZICE, POCATEK_POMERU, POCITAC_KEY) VALUES (60.0,1609072659999,'Forrest','Wilder','Uklizec',to_date('11/12/2018', 'DD/MM/RRRR'),63.0);
INSERT INTO ZAMESTNANEC (ZAMESTNANEC_KEY, OSOBNI_CISLO, JMENO, PRIJMENI, POZICE, POCATEK_POMERU, POCITAC_KEY) VALUES (61.0,1679092522199,'Hector','Banks','Lekar',to_date('04/09/2018', 'DD/MM/RRRR'),22.0);
INSERT INTO ZAMESTNANEC (ZAMESTNANEC_KEY, OSOBNI_CISLO, JMENO, PRIJMENI, POZICE, POCATEK_POMERU, POCITAC_KEY) VALUES (62.0,1664053015599,'Evan','Gilbert','Ucetni',to_date('11/11/2019', 'DD/MM/RRRR'),64.0);
INSERT INTO ZAMESTNANEC (ZAMESTNANEC_KEY, OSOBNI_CISLO, JMENO, PRIJMENI, POZICE, POCATEK_POMERU, POCITAC_KEY) VALUES (63.0,1616110948199,'Brenda','Allen','Ridic',to_date('17/07/2018', 'DD/MM/RRRR'),65.0);
INSERT INTO ZAMESTNANEC (ZAMESTNANEC_KEY, OSOBNI_CISLO, JMENO, PRIJMENI, POZICE, POCATEK_POMERU, POCITAC_KEY) VALUES (64.0,1678051670399,'Ursula','Glover','Zahradnik',to_date('07/03/2019', 'DD/MM/RRRR'),66.0);
INSERT INTO ZAMESTNANEC (ZAMESTNANEC_KEY, OSOBNI_CISLO, JMENO, PRIJMENI, POZICE, POCATEK_POMERU, POCITAC_KEY) VALUES (65.0,1667082896099,'Melodie','Nicholson','Ridic',to_date('14/03/2019', 'DD/MM/RRRR'),67.0);
INSERT INTO ZAMESTNANEC (ZAMESTNANEC_KEY, OSOBNI_CISLO, JMENO, PRIJMENI, POZICE, POCATEK_POMERU, POCITAC_KEY) VALUES (66.0,1658122624199,'Kay','Walker','Uklizec',to_date('13/01/2019', 'DD/MM/RRRR'),68.0);
INSERT INTO ZAMESTNANEC (ZAMESTNANEC_KEY, OSOBNI_CISLO, JMENO, PRIJMENI, POZICE, POCATEK_POMERU, POCITAC_KEY) VALUES (67.0,1601041741599,'Gretchen','Armstrong','Ucetni',to_date('12/06/2019', 'DD/MM/RRRR'),69.0);
INSERT INTO ZAMESTNANEC (ZAMESTNANEC_KEY, OSOBNI_CISLO, JMENO, PRIJMENI, POZICE, POCATEK_POMERU, POCITAC_KEY) VALUES (68.0,1627111775899,'Kuame','Erickson','Hlidacl',to_date('01/01/2019', 'DD/MM/RRRR'),70.0);
INSERT INTO ZAMESTNANEC (ZAMESTNANEC_KEY, OSOBNI_CISLO, JMENO, PRIJMENI, POZICE, POCATEK_POMERU, POCITAC_KEY) VALUES (69.0,1655070729599,'Rafael','Townsend','Kuchar',to_date('27/05/2018', 'DD/MM/RRRR'),71.0);
INSERT INTO ZAMESTNANEC (ZAMESTNANEC_KEY, OSOBNI_CISLO, JMENO, PRIJMENI, POZICE, POCATEK_POMERU, POCITAC_KEY) VALUES (70.0,1663062876599,'April','Peck','Ridic',to_date('05/09/2018', 'DD/MM/RRRR'),72.0);
INSERT INTO ZAMESTNANEC (ZAMESTNANEC_KEY, OSOBNI_CISLO, JMENO, PRIJMENI, POZICE, POCATEK_POMERU, POCITAC_KEY) VALUES (71.0,1659041750299,'Carter','Stuart','Kuchar',to_date('12/12/2018', 'DD/MM/RRRR'),73.0);
INSERT INTO ZAMESTNANEC (ZAMESTNANEC_KEY, OSOBNI_CISLO, JMENO, PRIJMENI, POZICE, POCATEK_POMERU, POCITAC_KEY) VALUES (72.0,1647071334799,'Amity','Howard','Medik',to_date('08/02/2020', 'DD/MM/RRRR'),23.0);
INSERT INTO ZAMESTNANEC (ZAMESTNANEC_KEY, OSOBNI_CISLO, JMENO, PRIJMENI, POZICE, POCATEK_POMERU, POCITAC_KEY) VALUES (73.0,1634090601399,'Carissa','Perez','Lekar',to_date('08/04/2019', 'DD/MM/RRRR'),74.0);
INSERT INTO ZAMESTNANEC (ZAMESTNANEC_KEY, OSOBNI_CISLO, JMENO, PRIJMENI, POZICE, POCATEK_POMERU, POCITAC_KEY) VALUES (74.0,1697120788499,'Dakota','Browning','Udrzbar',to_date('09/11/2018', 'DD/MM/RRRR'),77.0);
INSERT INTO ZAMESTNANEC (ZAMESTNANEC_KEY, OSOBNI_CISLO, JMENO, PRIJMENI, POZICE, POCATEK_POMERU, POCITAC_KEY) VALUES (75.0,1669120355899,'Ryan','Hunter','Lekar',to_date('31/10/2018', 'DD/MM/RRRR'),78.0);
INSERT INTO ZAMESTNANEC (ZAMESTNANEC_KEY, OSOBNI_CISLO, JMENO, PRIJMENI, POZICE, POCATEK_POMERU, POCITAC_KEY) VALUES (76.0,1690062878499,'Desiree','Dunlap','Ucetni',to_date('22/04/2019', 'DD/MM/RRRR'),79.0);
INSERT INTO ZAMESTNANEC (ZAMESTNANEC_KEY, OSOBNI_CISLO, JMENO, PRIJMENI, POZICE, POCATEK_POMERU, POCITAC_KEY) VALUES (77.0,1635012309799,'Jason','Bates','Ridic',to_date('15/09/2019', 'DD/MM/RRRR'),80.0);
INSERT INTO ZAMESTNANEC (ZAMESTNANEC_KEY, OSOBNI_CISLO, JMENO, PRIJMENI, POZICE, POCATEK_POMERU, POCITAC_KEY) VALUES (78.0,1637050360599,'Clio','Woodard','Kuchar',to_date('24/11/2018', 'DD/MM/RRRR'),81.0);
INSERT INTO ZAMESTNANEC (ZAMESTNANEC_KEY, OSOBNI_CISLO, JMENO, PRIJMENI, POZICE, POCATEK_POMERU, POCITAC_KEY) VALUES (79.0,1682080421799,'Macon','Levine','Uklizec',to_date('24/01/2019', 'DD/MM/RRRR'),82.0);
INSERT INTO ZAMESTNANEC (ZAMESTNANEC_KEY, OSOBNI_CISLO, JMENO, PRIJMENI, POZICE, POCATEK_POMERU, POCITAC_KEY) VALUES (80.0,1613031379099,'Summer','Daniels','Ekonom',to_date('12/12/2019', 'DD/MM/RRRR'),83.0);
INSERT INTO ZAMESTNANEC (ZAMESTNANEC_KEY, OSOBNI_CISLO, JMENO, PRIJMENI, POZICE, POCATEK_POMERU, POCITAC_KEY) VALUES (81.0,1644010132999,'Robert','Cain','Uklizec',to_date('16/12/2018', 'DD/MM/RRRR'),84.0);
INSERT INTO ZAMESTNANEC (ZAMESTNANEC_KEY, OSOBNI_CISLO, JMENO, PRIJMENI, POZICE, POCATEK_POMERU, POCITAC_KEY) VALUES (82.0,1632070111699,'Veronica','Shepard','Ridic',to_date('07/07/2019', 'DD/MM/RRRR'),85.0);
INSERT INTO ZAMESTNANEC (ZAMESTNANEC_KEY, OSOBNI_CISLO, JMENO, PRIJMENI, POZICE, POCATEK_POMERU, POCITAC_KEY) VALUES (83.0,1654102981499,'Anika','Mcdonald','Zahradnik',to_date('02/08/2018', 'DD/MM/RRRR'),86.0);
INSERT INTO ZAMESTNANEC (ZAMESTNANEC_KEY, OSOBNI_CISLO, JMENO, PRIJMENI, POZICE, POCATEK_POMERU, POCITAC_KEY) VALUES (84.0,1699050623599,'Ashton','Nixon','Farmaceut',to_date('18/11/2018', 'DD/MM/RRRR'),87.0);
INSERT INTO ZAMESTNANEC (ZAMESTNANEC_KEY, OSOBNI_CISLO, JMENO, PRIJMENI, POZICE, POCATEK_POMERU, POCITAC_KEY) VALUES (85.0,1642121362599,'Thomas','Schroeder','Ridic',to_date('20/09/2019', 'DD/MM/RRRR'),88.0);
INSERT INTO ZAMESTNANEC (ZAMESTNANEC_KEY, OSOBNI_CISLO, JMENO, PRIJMENI, POZICE, POCATEK_POMERU, POCITAC_KEY) VALUES (86.0,1602052246399,'Boris','Alvarez','Osetrovatel',to_date('24/12/2018', 'DD/MM/RRRR'),89.0);
INSERT INTO ZAMESTNANEC (ZAMESTNANEC_KEY, OSOBNI_CISLO, JMENO, PRIJMENI, POZICE, POCATEK_POMERU, POCITAC_KEY) VALUES (87.0,1660120578799,'Brendan','Diaz','Medik',to_date('18/01/2020', 'DD/MM/RRRR'),90.0);
INSERT INTO ZAMESTNANEC (ZAMESTNANEC_KEY, OSOBNI_CISLO, JMENO, PRIJMENI, POZICE, POCATEK_POMERU, POCITAC_KEY) VALUES (88.0,1691122341599,'Rashad','Sosa','Zdravotni sestra',to_date('03/02/2019', 'DD/MM/RRRR'),NULL);
INSERT INTO ZAMESTNANEC (ZAMESTNANEC_KEY, OSOBNI_CISLO, JMENO, PRIJMENI, POZICE, POCATEK_POMERU, POCITAC_KEY) VALUES (89.0,1689122938399,'Lysandra','Goodwin','Lekar',to_date('01/01/2019', 'DD/MM/RRRR'),NULL);
INSERT INTO ZAMESTNANEC (ZAMESTNANEC_KEY, OSOBNI_CISLO, JMENO, PRIJMENI, POZICE, POCATEK_POMERU, POCITAC_KEY) VALUES (90.0,1665062236699,'Austin','Huber','Farmaceut',to_date('05/09/2018', 'DD/MM/RRRR'),NULL);
INSERT INTO ZAMESTNANEC (ZAMESTNANEC_KEY, OSOBNI_CISLO, JMENO, PRIJMENI, POZICE, POCATEK_POMERU, POCITAC_KEY) VALUES (91.0,1638030132099,'Breanna','Sutton','Osetrovatel',to_date('26/11/2018', 'DD/MM/RRRR'),NULL);
INSERT INTO ZAMESTNANEC (ZAMESTNANEC_KEY, OSOBNI_CISLO, JMENO, PRIJMENI, POZICE, POCATEK_POMERU, POCITAC_KEY) VALUES (92.0,1678120363399,'Maris','Pacheco','Uklizec',to_date('08/08/2018', 'DD/MM/RRRR'),NULL);
INSERT INTO ZAMESTNANEC (ZAMESTNANEC_KEY, OSOBNI_CISLO, JMENO, PRIJMENI, POZICE, POCATEK_POMERU, POCITAC_KEY) VALUES (93.0,1680051466099,'Bruce','Jackson','Ekonom',to_date('30/09/2019', 'DD/MM/RRRR'),NULL);
INSERT INTO ZAMESTNANEC (ZAMESTNANEC_KEY, OSOBNI_CISLO, JMENO, PRIJMENI, POZICE, POCATEK_POMERU, POCITAC_KEY) VALUES (94.0,1669102569499,'Vladimir','Phillips','Ridic',to_date('11/08/2018', 'DD/MM/RRRR'),NULL);
INSERT INTO ZAMESTNANEC (ZAMESTNANEC_KEY, OSOBNI_CISLO, JMENO, PRIJMENI, POZICE, POCATEK_POMERU, POCITAC_KEY) VALUES (95.0,1603032331299,'Malcolm','Bauer','Ucetni',to_date('21/03/2019', 'DD/MM/RRRR'),NULL);
INSERT INTO ZAMESTNANEC (ZAMESTNANEC_KEY, OSOBNI_CISLO, JMENO, PRIJMENI, POZICE, POCATEK_POMERU, POCITAC_KEY) VALUES (96.0,1657033002499,'Hunter','Donaldson','Lekar',to_date('24/07/2018', 'DD/MM/RRRR'),NULL);
INSERT INTO ZAMESTNANEC (ZAMESTNANEC_KEY, OSOBNI_CISLO, JMENO, PRIJMENI, POZICE, POCATEK_POMERU, POCITAC_KEY) VALUES (97.0,1628040597099,'Nehru','Levine','Udrzbar',to_date('31/10/2019', 'DD/MM/RRRR'),NULL);
INSERT INTO ZAMESTNANEC (ZAMESTNANEC_KEY, OSOBNI_CISLO, JMENO, PRIJMENI, POZICE, POCATEK_POMERU, POCITAC_KEY) VALUES (98.0,1673060741099,'Slade','Osborne','Farmaceut',to_date('14/03/2019', 'DD/MM/RRRR'),NULL);
INSERT INTO ZAMESTNANEC (ZAMESTNANEC_KEY, OSOBNI_CISLO, JMENO, PRIJMENI, POZICE, POCATEK_POMERU, POCITAC_KEY) VALUES (99.0,1633072338399,'Brent','Dalton','Vedec',to_date('08/02/2019', 'DD/MM/RRRR'),NULL);
INSERT INTO ZAMESTNANEC (ZAMESTNANEC_KEY, OSOBNI_CISLO, JMENO, PRIJMENI, POZICE, POCATEK_POMERU, POCITAC_KEY) VALUES (100.0,1604042225999,'Natalie','Conrad','Udrzbar',to_date('26/08/2018', 'DD/MM/RRRR'),NULL);




INSERT INTO ZDRAVOTNIK (SPECIALIZACE, PRAXE, RESURRECT_COUNT, DEATH_COUNT, ZAMESTNANEC_KEY, ORDINACE_MISTNOST_KEY, OZDRAVOVNA_MISTNOST_KEY) VALUES ('Marast samolepka','zadna',53.0,73.0,3.0,1.0,34.0);
INSERT INTO ZDRAVOTNIK (SPECIALIZACE, PRAXE, RESURRECT_COUNT, DEATH_COUNT, ZAMESTNANEC_KEY, ORDINACE_MISTNOST_KEY, OZDRAVOVNA_MISTNOST_KEY) VALUES ('CAO za A','zadna',6.0,46.0,4.0,2.0,35.0);
INSERT INTO ZDRAVOTNIK (SPECIALIZACE, PRAXE, RESURRECT_COUNT, DEATH_COUNT, ZAMESTNANEC_KEY, ORDINACE_MISTNOST_KEY, OZDRAVOVNA_MISTNOST_KEY) VALUES ('Bonus na progtestu','zadna',65.0,58.0,9.0,3.0,36.0);
INSERT INTO ZDRAVOTNIK (SPECIALIZACE, PRAXE, RESURRECT_COUNT, DEATH_COUNT, ZAMESTNANEC_KEY, ORDINACE_MISTNOST_KEY, OZDRAVOVNA_MISTNOST_KEY) VALUES ('Cerny pasazer 143','zaporna',43.0,61.0,10.0,4.0,37.0);
INSERT INTO ZDRAVOTNIK (SPECIALIZACE, PRAXE, RESURRECT_COUNT, DEATH_COUNT, ZAMESTNANEC_KEY, ORDINACE_MISTNOST_KEY, OZDRAVOVNA_MISTNOST_KEY) VALUES ('CAO za A','dostacujici',86.0,69.0,13.0,5.0,38.0);
INSERT INTO ZDRAVOTNIK (SPECIALIZACE, PRAXE, RESURRECT_COUNT, DEATH_COUNT, ZAMESTNANEC_KEY, ORDINACE_MISTNOST_KEY, OZDRAVOVNA_MISTNOST_KEY) VALUES ('Marast samolepka','zaporna',92.0,90.0,18.0,6.0,39.0);
INSERT INTO ZDRAVOTNIK (SPECIALIZACE, PRAXE, RESURRECT_COUNT, DEATH_COUNT, ZAMESTNANEC_KEY, ORDINACE_MISTNOST_KEY, OZDRAVOVNA_MISTNOST_KEY) VALUES ('Linearni nezavislost','dostacujici',22.0,9.0,20.0,7.0,40.0);
INSERT INTO ZDRAVOTNIK (SPECIALIZACE, PRAXE, RESURRECT_COUNT, DEATH_COUNT, ZAMESTNANEC_KEY, ORDINACE_MISTNOST_KEY, OZDRAVOVNA_MISTNOST_KEY) VALUES ('CAO za A','nekonecna',47.0,73.0,22.0,8.0,41.0);
INSERT INTO ZDRAVOTNIK (SPECIALIZACE, PRAXE, RESURRECT_COUNT, DEATH_COUNT, ZAMESTNANEC_KEY, ORDINACE_MISTNOST_KEY, OZDRAVOVNA_MISTNOST_KEY) VALUES ('CAO za A','dostacujici',36.0,21.0,23.0,9.0,42.0);
INSERT INTO ZDRAVOTNIK (SPECIALIZACE, PRAXE, RESURRECT_COUNT, DEATH_COUNT, ZAMESTNANEC_KEY, ORDINACE_MISTNOST_KEY, OZDRAVOVNA_MISTNOST_KEY) VALUES ('Bonus na progtestu','zadna',1.0,90.0,25.0,10.0,43.0);
INSERT INTO ZDRAVOTNIK (SPECIALIZACE, PRAXE, RESURRECT_COUNT, DEATH_COUNT, ZAMESTNANEC_KEY, ORDINACE_MISTNOST_KEY, OZDRAVOVNA_MISTNOST_KEY) VALUES ('Bonus na progtestu','absolutne konvergentni',75.0,94.0,27.0,11.0,44.0);
INSERT INTO ZDRAVOTNIK (SPECIALIZACE, PRAXE, RESURRECT_COUNT, DEATH_COUNT, ZAMESTNANEC_KEY, ORDINACE_MISTNOST_KEY, OZDRAVOVNA_MISTNOST_KEY) VALUES ('Bonus na progtestu','nekonecna',38.0,70.0,31.0,12.0,45.0);
INSERT INTO ZDRAVOTNIK (SPECIALIZACE, PRAXE, RESURRECT_COUNT, DEATH_COUNT, ZAMESTNANEC_KEY, ORDINACE_MISTNOST_KEY, OZDRAVOVNA_MISTNOST_KEY) VALUES ('Marast samolepka','nekonecna',44.0,9.0,34.0,13.0,46.0);
INSERT INTO ZDRAVOTNIK (SPECIALIZACE, PRAXE, RESURRECT_COUNT, DEATH_COUNT, ZAMESTNANEC_KEY, ORDINACE_MISTNOST_KEY, OZDRAVOVNA_MISTNOST_KEY) VALUES ('Linearni nezavislost','zadna',92.0,68.0,35.0,14.0,47.0);
INSERT INTO ZDRAVOTNIK (SPECIALIZACE, PRAXE, RESURRECT_COUNT, DEATH_COUNT, ZAMESTNANEC_KEY, ORDINACE_MISTNOST_KEY, OZDRAVOVNA_MISTNOST_KEY) VALUES ('Bonus na progtestu','zadna',33.0,58.0,40.0,15.0,48.0);
INSERT INTO ZDRAVOTNIK (SPECIALIZACE, PRAXE, RESURRECT_COUNT, DEATH_COUNT, ZAMESTNANEC_KEY, ORDINACE_MISTNOST_KEY, OZDRAVOVNA_MISTNOST_KEY) VALUES ('Marast samolepka','dostacujici',11.0,23.0,42.0,16.0,54.0);
INSERT INTO ZDRAVOTNIK (SPECIALIZACE, PRAXE, RESURRECT_COUNT, DEATH_COUNT, ZAMESTNANEC_KEY, ORDINACE_MISTNOST_KEY, OZDRAVOVNA_MISTNOST_KEY) VALUES ('Bonus na progtestu','dostacujici',86.0,80.0,44.0,17.0,49.0);
INSERT INTO ZDRAVOTNIK (SPECIALIZACE, PRAXE, RESURRECT_COUNT, DEATH_COUNT, ZAMESTNANEC_KEY, ORDINACE_MISTNOST_KEY, OZDRAVOVNA_MISTNOST_KEY) VALUES ('Marast samolepka','dostacujici',70.0,66.0,52.0,18.0,50.0);
INSERT INTO ZDRAVOTNIK (SPECIALIZACE, PRAXE, RESURRECT_COUNT, DEATH_COUNT, ZAMESTNANEC_KEY, ORDINACE_MISTNOST_KEY, OZDRAVOVNA_MISTNOST_KEY) VALUES ('Bonus na progtestu','obsahla',95.0,38.0,54.0,19.0,55.0);
INSERT INTO ZDRAVOTNIK (SPECIALIZACE, PRAXE, RESURRECT_COUNT, DEATH_COUNT, ZAMESTNANEC_KEY, ORDINACE_MISTNOST_KEY, OZDRAVOVNA_MISTNOST_KEY) VALUES ('Cerny pasazer 143','absolutne konvergentni',31.0,70.0,55.0,20.0,51.0);
INSERT INTO ZDRAVOTNIK (SPECIALIZACE, PRAXE, RESURRECT_COUNT, DEATH_COUNT, ZAMESTNANEC_KEY, ORDINACE_MISTNOST_KEY, OZDRAVOVNA_MISTNOST_KEY) VALUES ('Linearni nezavislost','nekonecna',25.0,48.0,57.0,21.0,52.0);
INSERT INTO ZDRAVOTNIK (SPECIALIZACE, PRAXE, RESURRECT_COUNT, DEATH_COUNT, ZAMESTNANEC_KEY, ORDINACE_MISTNOST_KEY, OZDRAVOVNA_MISTNOST_KEY) VALUES ('Marast samolepka','dostacujici',66.0,29.0,61.0,21.0,53.0);
INSERT INTO ZDRAVOTNIK (SPECIALIZACE, PRAXE, RESURRECT_COUNT, DEATH_COUNT, ZAMESTNANEC_KEY, ORDINACE_MISTNOST_KEY, OZDRAVOVNA_MISTNOST_KEY) VALUES ('Marast samolepka','zaporna',97.0,77.0,72.0,21.0,56.0);
INSERT INTO ZDRAVOTNIK (SPECIALIZACE, PRAXE, RESURRECT_COUNT, DEATH_COUNT, ZAMESTNANEC_KEY, ORDINACE_MISTNOST_KEY, OZDRAVOVNA_MISTNOST_KEY) VALUES ('Marast samolepka','nekonecna',78.0,17.0,73.0,NULL,NULL);
INSERT INTO ZDRAVOTNIK (SPECIALIZACE, PRAXE, RESURRECT_COUNT, DEATH_COUNT, ZAMESTNANEC_KEY, ORDINACE_MISTNOST_KEY, OZDRAVOVNA_MISTNOST_KEY) VALUES ('Bonus na progtestu','zadna',33.0,98.0,75.0,NULL,NULL);
INSERT INTO ZDRAVOTNIK (SPECIALIZACE, PRAXE, RESURRECT_COUNT, DEATH_COUNT, ZAMESTNANEC_KEY, ORDINACE_MISTNOST_KEY, OZDRAVOVNA_MISTNOST_KEY) VALUES ('Linearni nezavislost','nekonecna',53.0,38.0,84.0,NULL,NULL);
INSERT INTO ZDRAVOTNIK (SPECIALIZACE, PRAXE, RESURRECT_COUNT, DEATH_COUNT, ZAMESTNANEC_KEY, ORDINACE_MISTNOST_KEY, OZDRAVOVNA_MISTNOST_KEY) VALUES ('CAO za A','zadna',29.0,76.0,86.0,NULL,NULL);
INSERT INTO ZDRAVOTNIK (SPECIALIZACE, PRAXE, RESURRECT_COUNT, DEATH_COUNT, ZAMESTNANEC_KEY, ORDINACE_MISTNOST_KEY, OZDRAVOVNA_MISTNOST_KEY) VALUES ('CAO za A','nekonecna',39.0,87.0,87.0,NULL,NULL);
INSERT INTO ZDRAVOTNIK (SPECIALIZACE, PRAXE, RESURRECT_COUNT, DEATH_COUNT, ZAMESTNANEC_KEY, ORDINACE_MISTNOST_KEY, OZDRAVOVNA_MISTNOST_KEY) VALUES ('Bonus na progtestu','zadna',22.0,20.0,88.0,NULL,NULL);
INSERT INTO ZDRAVOTNIK (SPECIALIZACE, PRAXE, RESURRECT_COUNT, DEATH_COUNT, ZAMESTNANEC_KEY, ORDINACE_MISTNOST_KEY, OZDRAVOVNA_MISTNOST_KEY) VALUES ('Cerny pasazer 143','zadna',77.0,27.0,89.0,NULL,NULL);
INSERT INTO ZDRAVOTNIK (SPECIALIZACE, PRAXE, RESURRECT_COUNT, DEATH_COUNT, ZAMESTNANEC_KEY, ORDINACE_MISTNOST_KEY, OZDRAVOVNA_MISTNOST_KEY) VALUES ('Marast samolepka','zadna',59.0,1.0,90.0,NULL,NULL);
INSERT INTO ZDRAVOTNIK (SPECIALIZACE, PRAXE, RESURRECT_COUNT, DEATH_COUNT, ZAMESTNANEC_KEY, ORDINACE_MISTNOST_KEY, OZDRAVOVNA_MISTNOST_KEY) VALUES ('Cerny pasazer 143','zaporna',82.0,31.0,91.0,NULL,NULL);
INSERT INTO ZDRAVOTNIK (SPECIALIZACE, PRAXE, RESURRECT_COUNT, DEATH_COUNT, ZAMESTNANEC_KEY, ORDINACE_MISTNOST_KEY, OZDRAVOVNA_MISTNOST_KEY) VALUES ('CAO za A','zadna',10.0,69.0,96.0,NULL,NULL);
INSERT INTO ZDRAVOTNIK (SPECIALIZACE, PRAXE, RESURRECT_COUNT, DEATH_COUNT, ZAMESTNANEC_KEY, ORDINACE_MISTNOST_KEY, OZDRAVOVNA_MISTNOST_KEY) VALUES ('CAO za A','absolutne konvergentni',22.0,84.0,98.0,NULL,NULL);
INSERT INTO ZDRAVOTNIK (SPECIALIZACE, PRAXE, RESURRECT_COUNT, DEATH_COUNT, ZAMESTNANEC_KEY, ORDINACE_MISTNOST_KEY, OZDRAVOVNA_MISTNOST_KEY) VALUES ('Bonus na progtestu','obsahla',94.0,50.0,99.0,NULL,NULL);




INSERT INTO ZDRAVOTNIK_PACIENT_REL (ZAMESTNANEC_KEY, PACIENT_KEY) VALUES (3.0,1.0);
INSERT INTO ZDRAVOTNIK_PACIENT_REL (ZAMESTNANEC_KEY, PACIENT_KEY) VALUES (4.0,2.0);
INSERT INTO ZDRAVOTNIK_PACIENT_REL (ZAMESTNANEC_KEY, PACIENT_KEY) VALUES (9.0,3.0);
INSERT INTO ZDRAVOTNIK_PACIENT_REL (ZAMESTNANEC_KEY, PACIENT_KEY) VALUES (10.0,4.0);
INSERT INTO ZDRAVOTNIK_PACIENT_REL (ZAMESTNANEC_KEY, PACIENT_KEY) VALUES (13.0,5.0);
INSERT INTO ZDRAVOTNIK_PACIENT_REL (ZAMESTNANEC_KEY, PACIENT_KEY) VALUES (18.0,6.0);
INSERT INTO ZDRAVOTNIK_PACIENT_REL (ZAMESTNANEC_KEY, PACIENT_KEY) VALUES (20.0,7.0);
INSERT INTO ZDRAVOTNIK_PACIENT_REL (ZAMESTNANEC_KEY, PACIENT_KEY) VALUES (22.0,8.0);
INSERT INTO ZDRAVOTNIK_PACIENT_REL (ZAMESTNANEC_KEY, PACIENT_KEY) VALUES (23.0,9.0);
INSERT INTO ZDRAVOTNIK_PACIENT_REL (ZAMESTNANEC_KEY, PACIENT_KEY) VALUES (25.0,10.0);
INSERT INTO ZDRAVOTNIK_PACIENT_REL (ZAMESTNANEC_KEY, PACIENT_KEY) VALUES (27.0,11.0);
INSERT INTO ZDRAVOTNIK_PACIENT_REL (ZAMESTNANEC_KEY, PACIENT_KEY) VALUES (31.0,12.0);
INSERT INTO ZDRAVOTNIK_PACIENT_REL (ZAMESTNANEC_KEY, PACIENT_KEY) VALUES (34.0,13.0);
INSERT INTO ZDRAVOTNIK_PACIENT_REL (ZAMESTNANEC_KEY, PACIENT_KEY) VALUES (35.0,14.0);
INSERT INTO ZDRAVOTNIK_PACIENT_REL (ZAMESTNANEC_KEY, PACIENT_KEY) VALUES (40.0,15.0);
INSERT INTO ZDRAVOTNIK_PACIENT_REL (ZAMESTNANEC_KEY, PACIENT_KEY) VALUES (42.0,15.0);
INSERT INTO ZDRAVOTNIK_PACIENT_REL (ZAMESTNANEC_KEY, PACIENT_KEY) VALUES (44.0,16.0);
INSERT INTO ZDRAVOTNIK_PACIENT_REL (ZAMESTNANEC_KEY, PACIENT_KEY) VALUES (52.0,17.0);
INSERT INTO ZDRAVOTNIK_PACIENT_REL (ZAMESTNANEC_KEY, PACIENT_KEY) VALUES (54.0,17.0);
INSERT INTO ZDRAVOTNIK_PACIENT_REL (ZAMESTNANEC_KEY, PACIENT_KEY) VALUES (55.0,18.0);
INSERT INTO ZDRAVOTNIK_PACIENT_REL (ZAMESTNANEC_KEY, PACIENT_KEY) VALUES (57.0,19.0);
INSERT INTO ZDRAVOTNIK_PACIENT_REL (ZAMESTNANEC_KEY, PACIENT_KEY) VALUES (61.0,20.0);



exec ZAPNI_CIZI_KLICE;


