<?xml version = '1.0' encoding = 'UTF-8'?>
<Arc class="oracle.dbtools.crest.model.design.logical.Arc" directorySegmentName="seg_0" id="28C35522-9909-0E55-052A-C270B6998274" name="Arc_2">
<createdBy>Admin</createdBy>
<createdTime>2019-04-08 23:36:10 UTC</createdTime>
<ownerDesignName>semestral</ownerDesignName>
<engineerTo>
<item key="DFFF773F-1AB5-9727-E8DA-2A38629659B0" value="true"/>
</engineerTo>
<entity>FF222D75-CDED-A54C-05CD-50101C186A9D</entity>
<relations>
<relationID>7E8C44AF-27B1-680D-A679-22F97641E253</relationID>
<relationID>D7A02C3B-60CF-7851-90FF-4B6FB7AE6CDE</relationID>
</relations>
</Arc>