<?xml version = '1.0' encoding = 'UTF-8'?>
<Arc class="oracle.dbtools.crest.model.design.logical.Arc" directorySegmentName="seg_0" id="D8D27B23-F8FD-BD39-080C-BCAC75558E7A" name="Arc_1">
<createdBy>Admin</createdBy>
<createdTime>2019-04-08 21:31:01 UTC</createdTime>
<ownerDesignName>semestral</ownerDesignName>
<engineerTo>
<item key="DFFF773F-1AB5-9727-E8DA-2A38629659B0" value="true"/>
</engineerTo>
<entity>0EBF32F8-6440-7B37-5414-6FF5C46CDE99</entity>
<relations>
<relationID>11546BB4-CCB9-392A-34FA-F1BF82422950</relationID>
<relationID>05F01C9C-F8D5-7383-BC46-7B5CC7CB6921</relationID>
</relations>
</Arc>