<?xml version = '1.0' encoding = 'UTF-8'?>
<Arc class="oracle.dbtools.crest.model.design.logical.Arc" directorySegmentName="seg_0" id="DE87380E-B2A2-3D8D-76A5-BD3F30497614" name="Arc_4">
<createdBy>Admin</createdBy>
<createdTime>2019-04-09 06:06:56 UTC</createdTime>
<ownerDesignName>semestral</ownerDesignName>
<engineerTo>
<item key="DFFF773F-1AB5-9727-E8DA-2A38629659B0" value="true"/>
</engineerTo>
<entity>DADB9D2E-D1E8-1772-97E0-3EB784C84C77</entity>
<relations>
<relationID>AF08998F-01FF-C60C-7B11-5232AFF67D29</relationID>
<relationID>9B9A8377-18C6-CB2D-773B-E8A5ADDE8D06</relationID>
<relationID>7669F10D-6E32-2BC3-0F4A-A85E035FBCD5</relationID>
</relations>
</Arc>