<?xml version = '1.0' encoding = 'UTF-8'?>
<Entity class="oracle.dbtools.crest.model.design.logical.Entity" directorySegmentName="seg_0" id="0EBF32F8-6440-7B37-5414-6FF5C46CDE99" name="ZAMESTNANEC">
<createdBy>Admin</createdBy>
<createdTime>2019-04-08 20:45:14 UTC</createdTime>
<ownerDesignName>semestral</ownerDesignName>
<engineerTo>
<item key="DFFF773F-1AB5-9727-E8DA-2A38629659B0" value="true"/>
</engineerTo>
<adequatelyNormalized>NO</adequatelyNormalized>
<expectedVolumes>0</expectedVolumes>
<fwdEngineeringStrategyName>Single Table</fwdEngineeringStrategyName>
<growthPercent>0</growthPercent>
<growthType>Year</growthType>
<maxVolumes>9999999</maxVolumes>
<minVolumes>0</minVolumes>
<normalForm>Third</normalForm>
<attributes itemClass="oracle.dbtools.crest.model.design.logical.Attribute">
<Attribute name="zamestnanec_key" id="A58EC0DA-E2CA-9D7F-CFA5-A5025182A9A7">
<createdBy>Admin</createdBy>
<createdTime>2019-04-08 20:45:31 UTC</createdTime>
<ownerDesignName>semestral</ownerDesignName>
<engineerTo>
<item key="DFFF773F-1AB5-9727-E8DA-2A38629659B0" value="true"/>
</engineerTo>
<use>0</use>
<ownDataTypeParameters>,,</ownDataTypeParameters>
</Attribute>
<Attribute name="osobni_cislo" id="12BEB1B8-AD9C-BF24-6A20-53279F58C763">
<createdBy>Admin</createdBy>
<createdTime>2019-04-08 20:46:29 UTC</createdTime>
<ownerDesignName>semestral</ownerDesignName>
<engineerTo>
<item key="DFFF773F-1AB5-9727-E8DA-2A38629659B0" value="true"/>
</engineerTo>
<use>0</use>
<ownDataTypeParameters>,,</ownDataTypeParameters>
</Attribute>
<Attribute name="jmeno" id="544A5ED7-0B10-A7AD-58F8-C3137C2A7DF8">
<createdBy>Admin</createdBy>
<createdTime>2019-04-08 20:48:31 UTC</createdTime>
<ownerDesignName>semestral</ownerDesignName>
<engineerTo>
<item key="DFFF773F-1AB5-9727-E8DA-2A38629659B0" value="true"/>
</engineerTo>
<use>0</use>
<ownDataTypeParameters>,,</ownDataTypeParameters>
</Attribute>
<Attribute name="prijmeni" id="AA8453C5-D8FC-F093-F815-968B80503F5E">
<createdBy>Admin</createdBy>
<createdTime>2019-04-08 20:48:39 UTC</createdTime>
<ownerDesignName>semestral</ownerDesignName>
<engineerTo>
<item key="DFFF773F-1AB5-9727-E8DA-2A38629659B0" value="true"/>
</engineerTo>
<use>0</use>
<ownDataTypeParameters>,,</ownDataTypeParameters>
</Attribute>
<Attribute name="pozice" id="D9F02DC3-F713-06C7-CBF3-EE6040EE85D6">
<createdBy>Admin</createdBy>
<createdTime>2019-04-08 20:49:05 UTC</createdTime>
<ownerDesignName>semestral</ownerDesignName>
<engineerTo>
<item key="DFFF773F-1AB5-9727-E8DA-2A38629659B0" value="true"/>
</engineerTo>
<use>0</use>
<ownDataTypeParameters>,,</ownDataTypeParameters>
</Attribute>
<Attribute name="pocatek_pomeru" id="7F78E81D-D085-2E96-6DE0-A3FC0CBB4BF3">
<createdBy>Admin</createdBy>
<createdTime>2019-04-08 20:49:16 UTC</createdTime>
<ownerDesignName>semestral</ownerDesignName>
<engineerTo>
<item key="DFFF773F-1AB5-9727-E8DA-2A38629659B0" value="true"/>
</engineerTo>
<use>0</use>
<ownDataTypeParameters>,,</ownDataTypeParameters>
</Attribute>
<Attribute name="pocitac_key" id="50B44398-F4BE-614F-3FC1-E1FBBE7BD78C">
<createdBy>Admin</createdBy>
<createdTime>2019-04-09 06:45:24 UTC</createdTime>
<generatorID>4A1E1A8F-E189-978B-C6AD-D12F6E2B880A</generatorID>
<ownerDesignName>semestral</ownerDesignName>
<engineerTo>
<item key="DFFF773F-1AB5-9727-E8DA-2A38629659B0" value="true"/>
</engineerTo>
<referedAttribute>F1DF60A8-6E12-D903-D835-6F095BE38B1F</referedAttribute>
<use>0</use>
<ownDataTypeParameters>,,</ownDataTypeParameters>
</Attribute>
</attributes>
<identifiers itemClass="oracle.dbtools.crest.model.design.logical.CandidateKey">
<identifier id="E56FFCD0-22EA-51A4-47E9-54FE8213F552" name="ZAMESTNANEC PK">
<createdBy>Admin</createdBy>
<createdTime>2019-04-08 20:45:43 UTC</createdTime>
<ownerDesignName>semestral</ownerDesignName>
<engineerTo>
<item key="DFFF773F-1AB5-9727-E8DA-2A38629659B0" value="true"/>
</engineerTo>
<pk>true</pk>
<usedAttributes>
<attributeRef>A58EC0DA-E2CA-9D7F-CFA5-A5025182A9A7</attributeRef>
</usedAttributes>
</identifier>
<identifier id="134959A5-15AB-638A-415B-30DFB224768C" name="osobni_cislo">
<createdBy>Admin</createdBy>
<createdTime>2019-04-08 20:46:41 UTC</createdTime>
<ownerDesignName>semestral</ownerDesignName>
<engineerTo>
<item key="DFFF773F-1AB5-9727-E8DA-2A38629659B0" value="true"/>
</engineerTo>
<newElementsIDs>12BEB1B8-AD9C-BF24-6A20-53279F58C763</newElementsIDs>
<usedAttributes>
<attributeRef>12BEB1B8-AD9C-BF24-6A20-53279F58C763</attributeRef>
</usedAttributes>
</identifier>
</identifiers>
</Entity>