<?xml version = '1.0' encoding = 'UTF-8'?>
<Entity class="oracle.dbtools.crest.model.design.logical.Entity" directorySegmentName="seg_0" id="1F70406A-E897-247F-058C-772B6DEC31C9" name="PRISTROJ">
<createdBy>Admin</createdBy>
<createdTime>2019-04-09 07:17:19 UTC</createdTime>
<ownerDesignName>semestral</ownerDesignName>
<engineerTo>
<item key="DFFF773F-1AB5-9727-E8DA-2A38629659B0" value="true"/>
</engineerTo>
<adequatelyNormalized>NO</adequatelyNormalized>
<expectedVolumes>0</expectedVolumes>
<fwdEngineeringStrategyName>Single Table</fwdEngineeringStrategyName>
<growthPercent>0</growthPercent>
<growthType>Year</growthType>
<maxVolumes>9999999</maxVolumes>
<minVolumes>0</minVolumes>
<normalForm>Third</normalForm>
<attributes itemClass="oracle.dbtools.crest.model.design.logical.Attribute">
<Attribute name="pristroj_key" id="397597CC-B92F-1D04-EFA9-6D0D746E505E">
<createdBy>Admin</createdBy>
<createdTime>2019-04-09 07:18:05 UTC</createdTime>
<ownerDesignName>semestral</ownerDesignName>
<engineerTo>
<item key="DFFF773F-1AB5-9727-E8DA-2A38629659B0" value="true"/>
</engineerTo>
<use>0</use>
<ownDataTypeParameters>,,</ownDataTypeParameters>
</Attribute>
<Attribute name="oznaceni" id="3A677AC1-7A0B-7535-984A-E45F595D3E71">
<createdBy>Admin</createdBy>
<createdTime>2019-04-09 07:18:49 UTC</createdTime>
<ownerDesignName>semestral</ownerDesignName>
<engineerTo>
<item key="DFFF773F-1AB5-9727-E8DA-2A38629659B0" value="true"/>
</engineerTo>
<use>0</use>
<ownDataTypeParameters>,,</ownDataTypeParameters>
</Attribute>
<Attribute name="nazev" id="90BD1988-9C5C-B603-C370-2380761E136F">
<createdBy>Admin</createdBy>
<createdTime>2019-04-09 07:19:52 UTC</createdTime>
<ownerDesignName>semestral</ownerDesignName>
<engineerTo>
<item key="DFFF773F-1AB5-9727-E8DA-2A38629659B0" value="true"/>
</engineerTo>
<use>0</use>
<ownDataTypeParameters>,,</ownDataTypeParameters>
</Attribute>
<Attribute name="ucel" id="B2BE61AB-0EC3-C200-63B6-5CC5EE896FE0">
<createdBy>Admin</createdBy>
<createdTime>2019-04-09 07:20:04 UTC</createdTime>
<ownerDesignName>semestral</ownerDesignName>
<engineerTo>
<item key="DFFF773F-1AB5-9727-E8DA-2A38629659B0" value="true"/>
</engineerTo>
<use>0</use>
<ownDataTypeParameters>,,</ownDataTypeParameters>
</Attribute>
<Attribute name="hrozba_uroven" id="B2978157-5BAE-ABB1-7A44-B51A7FE0051E">
<createdBy>Admin</createdBy>
<createdTime>2019-04-09 07:20:11 UTC</createdTime>
<ownerDesignName>semestral</ownerDesignName>
<engineerTo>
<item key="DFFF773F-1AB5-9727-E8DA-2A38629659B0" value="true"/>
</engineerTo>
<nullsAllowed>true</nullsAllowed>
<use>0</use>
<ownDataTypeParameters>,,</ownDataTypeParameters>
</Attribute>
<Attribute name="mistnost_key" id="798FC1CF-6B13-DCE5-FE4E-F15EA8DE1FA6">
<createdBy>Admin</createdBy>
<createdTime>2019-04-09 07:21:25 UTC</createdTime>
<generatorID>DF143BE3-E622-F21E-505E-788050802B7B</generatorID>
<ownerDesignName>semestral</ownerDesignName>
<engineerTo>
<item key="DFFF773F-1AB5-9727-E8DA-2A38629659B0" value="true"/>
</engineerTo>
<nullsAllowed>true</nullsAllowed>
<referedAttribute>64EC1A38-89D1-80B0-7CE0-1A6B5E7D7AF3</referedAttribute>
<use>0</use>
<ownDataTypeParameters>,,</ownDataTypeParameters>
</Attribute>
</attributes>
<identifiers itemClass="oracle.dbtools.crest.model.design.logical.CandidateKey">
<identifier id="8D48F55E-8333-EFF4-2D66-A240C6E08386" name="PRISTROJ PK">
<createdBy>Admin</createdBy>
<createdTime>2019-04-09 07:18:13 UTC</createdTime>
<ownerDesignName>semestral</ownerDesignName>
<engineerTo>
<item key="DFFF773F-1AB5-9727-E8DA-2A38629659B0" value="true"/>
</engineerTo>
<pk>true</pk>
<usedAttributes>
<attributeRef>397597CC-B92F-1D04-EFA9-6D0D746E505E</attributeRef>
</usedAttributes>
</identifier>
<identifier id="5A0AE34C-25EE-2E88-D640-8873C42D3FDD" name="oznaceni">
<createdBy>Admin</createdBy>
<createdTime>2019-04-09 07:19:00 UTC</createdTime>
<ownerDesignName>semestral</ownerDesignName>
<engineerTo>
<item key="DFFF773F-1AB5-9727-E8DA-2A38629659B0" value="true"/>
</engineerTo>
<newElementsIDs>3A677AC1-7A0B-7535-984A-E45F595D3E71</newElementsIDs>
<usedAttributes>
<attributeRef>3A677AC1-7A0B-7535-984A-E45F595D3E71</attributeRef>
</usedAttributes>
</identifier>
</identifiers>
</Entity>