<?xml version = '1.0' encoding = 'UTF-8'?>
<Entity class="oracle.dbtools.crest.model.design.logical.Entity" directorySegmentName="seg_0" id="3053A601-BC39-6092-1F00-98F90A7FFB62" name="PACIENTSKY_POKOJ">
<createdBy>Admin</createdBy>
<createdTime>2019-04-09 05:58:57 UTC</createdTime>
<ownerDesignName>semestral</ownerDesignName>
<engineerTo>
<item key="DFFF773F-1AB5-9727-E8DA-2A38629659B0" value="true"/>
</engineerTo>
<adequatelyNormalized>NO</adequatelyNormalized>
<expectedVolumes>0</expectedVolumes>
<fwdEngineeringStrategyName>Single Table</fwdEngineeringStrategyName>
<growthPercent>0</growthPercent>
<growthType>Year</growthType>
<maxVolumes>9999999</maxVolumes>
<minVolumes>0</minVolumes>
<normalForm>Third</normalForm>
<attributes itemClass="oracle.dbtools.crest.model.design.logical.Attribute">
<Attribute name="kapacita" id="0CFAACA9-0990-6A46-F2C7-A7EEBAFDC79E">
<createdBy>Admin</createdBy>
<createdTime>2019-04-09 05:59:17 UTC</createdTime>
<ownerDesignName>semestral</ownerDesignName>
<engineerTo>
<item key="DFFF773F-1AB5-9727-E8DA-2A38629659B0" value="true"/>
</engineerTo>
<use>0</use>
<ownDataTypeParameters>,,</ownDataTypeParameters>
</Attribute>
<Attribute name="poznamka" id="E9F1223F-12D6-1591-8CEF-5F815F19C7C9">
<createdBy>Admin</createdBy>
<createdTime>2019-04-09 05:59:36 UTC</createdTime>
<ownerDesignName>semestral</ownerDesignName>
<engineerTo>
<item key="DFFF773F-1AB5-9727-E8DA-2A38629659B0" value="true"/>
</engineerTo>
<nullsAllowed>true</nullsAllowed>
<use>0</use>
<ownDataTypeParameters>,,</ownDataTypeParameters>
</Attribute>
<Attribute name="mistnost_key" id="82A85A64-1BA2-BB4A-C885-72FAA77D2937">
<createdBy>Admin</createdBy>
<createdTime>2019-04-09 06:03:40 UTC</createdTime>
<generatorID>AF08998F-01FF-C60C-7B11-5232AFF67D29</generatorID>
<ownerDesignName>semestral</ownerDesignName>
<engineerTo>
<item key="DFFF773F-1AB5-9727-E8DA-2A38629659B0" value="true"/>
</engineerTo>
<referedAttribute>89FFFFCD-CDE0-74A7-D9C9-3BADD2D9EC72</referedAttribute>
<use>0</use>
<ownDataTypeParameters>,,</ownDataTypeParameters>
</Attribute>
</attributes>
<identifiers itemClass="oracle.dbtools.crest.model.design.logical.CandidateKey">
<identifier id="514575A8-0986-0DE5-C764-78F403A97565" name="PACIENTSKY_POKOJ PK">
<createdBy>Admin</createdBy>
<createdTime>2019-04-09 06:05:05 UTC</createdTime>
<ownerDesignName>semestral</ownerDesignName>
<engineerTo>
<item key="DFFF773F-1AB5-9727-E8DA-2A38629659B0" value="true"/>
</engineerTo>
<pk>true</pk>
<usedAttributes>
<attributeRef>82A85A64-1BA2-BB4A-C885-72FAA77D2937</attributeRef>
</usedAttributes>
</identifier>
</identifiers>
</Entity>