<?xml version = '1.0' encoding = 'UTF-8'?>
<Entity class="oracle.dbtools.crest.model.design.logical.Entity" directorySegmentName="seg_0" id="3F4380BC-BE28-6A1E-A1F5-DD57CD506575" name="ORDINACE">
<createdBy>Admin</createdBy>
<createdTime>2019-04-09 05:56:17 UTC</createdTime>
<ownerDesignName>semestral</ownerDesignName>
<engineerTo>
<item key="DFFF773F-1AB5-9727-E8DA-2A38629659B0" value="true"/>
</engineerTo>
<adequatelyNormalized>NO</adequatelyNormalized>
<expectedVolumes>0</expectedVolumes>
<fwdEngineeringStrategyName>Single Table</fwdEngineeringStrategyName>
<growthPercent>0</growthPercent>
<growthType>Year</growthType>
<maxVolumes>9999999</maxVolumes>
<minVolumes>0</minVolumes>
<normalForm>Third</normalForm>
<attributes itemClass="oracle.dbtools.crest.model.design.logical.Attribute">
<Attribute name="nazev" id="52334CA3-7DB8-C888-85DB-99B84B190C4C">
<createdBy>Admin</createdBy>
<createdTime>2019-04-09 05:56:42 UTC</createdTime>
<ownerDesignName>semestral</ownerDesignName>
<engineerTo>
<item key="DFFF773F-1AB5-9727-E8DA-2A38629659B0" value="true"/>
</engineerTo>
<use>0</use>
<ownDataTypeParameters>,,</ownDataTypeParameters>
</Attribute>
<Attribute name="zemereni" id="45FECAFB-6974-CF6C-7224-29617D68AF8C">
<createdBy>Admin</createdBy>
<createdTime>2019-04-09 05:57:12 UTC</createdTime>
<ownerDesignName>semestral</ownerDesignName>
<engineerTo>
<item key="DFFF773F-1AB5-9727-E8DA-2A38629659B0" value="true"/>
</engineerTo>
<use>0</use>
<ownDataTypeParameters>,,</ownDataTypeParameters>
</Attribute>
<Attribute name="mistnost_key" id="88ACF1DE-826D-7386-DCAB-B0CD44636A34">
<createdBy>Admin</createdBy>
<createdTime>2019-04-09 06:02:09 UTC</createdTime>
<generatorID>7669F10D-6E32-2BC3-0F4A-A85E035FBCD5</generatorID>
<ownerDesignName>semestral</ownerDesignName>
<engineerTo>
<item key="DFFF773F-1AB5-9727-E8DA-2A38629659B0" value="true"/>
</engineerTo>
<referedAttribute>89FFFFCD-CDE0-74A7-D9C9-3BADD2D9EC72</referedAttribute>
<use>0</use>
<ownDataTypeParameters>,,</ownDataTypeParameters>
</Attribute>
</attributes>
<identifiers itemClass="oracle.dbtools.crest.model.design.logical.CandidateKey">
<identifier id="091F282F-8804-231B-705F-0383C684AC58" name="ORDINACE PK">
<createdBy>Admin</createdBy>
<createdTime>2019-04-09 06:06:13 UTC</createdTime>
<ownerDesignName>semestral</ownerDesignName>
<engineerTo>
<item key="DFFF773F-1AB5-9727-E8DA-2A38629659B0" value="true"/>
</engineerTo>
<pk>true</pk>
<usedAttributes>
<attributeRef>88ACF1DE-826D-7386-DCAB-B0CD44636A34</attributeRef>
<attributeRef>B6ECE99E-6824-5F51-3EAC-5021931801FE</attributeRef>
</usedAttributes>
</identifier>
</identifiers>
</Entity>