<?xml version = '1.0' encoding = 'UTF-8'?>
<Entity class="oracle.dbtools.crest.model.design.logical.Entity" directorySegmentName="seg_0" id="462B6EE3-9566-9EA0-3885-D12078ADA5EF" name="PACIENT">
<createdBy>Admin</createdBy>
<createdTime>2019-04-08 21:15:54 UTC</createdTime>
<ownerDesignName>semestral</ownerDesignName>
<engineerTo>
<item key="DFFF773F-1AB5-9727-E8DA-2A38629659B0" value="true"/>
</engineerTo>
<adequatelyNormalized>NO</adequatelyNormalized>
<expectedVolumes>0</expectedVolumes>
<fwdEngineeringStrategyName>Single Table</fwdEngineeringStrategyName>
<growthPercent>0</growthPercent>
<growthType>Year</growthType>
<maxVolumes>9999999</maxVolumes>
<minVolumes>0</minVolumes>
<normalForm>Third</normalForm>
<attributes itemClass="oracle.dbtools.crest.model.design.logical.Attribute">
<Attribute name="pacient_key" id="18078984-D965-584D-18FF-E93E5400CF72">
<createdBy>Admin</createdBy>
<createdTime>2019-04-08 21:16:04 UTC</createdTime>
<ownerDesignName>semestral</ownerDesignName>
<engineerTo>
<item key="DFFF773F-1AB5-9727-E8DA-2A38629659B0" value="true"/>
</engineerTo>
<use>0</use>
<ownDataTypeParameters>,,</ownDataTypeParameters>
</Attribute>
<Attribute name="osobni_cislo" id="EAC0832D-70C8-F5BA-8D96-6750E6146CBA">
<createdBy>Admin</createdBy>
<createdTime>2019-04-08 21:16:43 UTC</createdTime>
<ownerDesignName>semestral</ownerDesignName>
<engineerTo>
<item key="DFFF773F-1AB5-9727-E8DA-2A38629659B0" value="true"/>
</engineerTo>
<use>0</use>
<ownDataTypeParameters>,,</ownDataTypeParameters>
</Attribute>
<Attribute name="jmeno" id="AC5DEAF7-07C2-A6AB-78AE-1AF3C1095E34">
<createdBy>Admin</createdBy>
<createdTime>2019-04-08 21:19:06 UTC</createdTime>
<ownerDesignName>semestral</ownerDesignName>
<engineerTo>
<item key="DFFF773F-1AB5-9727-E8DA-2A38629659B0" value="true"/>
</engineerTo>
<use>0</use>
<ownDataTypeParameters>,,</ownDataTypeParameters>
</Attribute>
<Attribute name="prijmeni" id="CDEBA05E-B501-64A4-096D-C774E6C95D57">
<createdBy>Admin</createdBy>
<createdTime>2019-04-08 21:19:17 UTC</createdTime>
<ownerDesignName>semestral</ownerDesignName>
<engineerTo>
<item key="DFFF773F-1AB5-9727-E8DA-2A38629659B0" value="true"/>
</engineerTo>
<use>0</use>
<ownDataTypeParameters>,,</ownDataTypeParameters>
</Attribute>
<Attribute name="diagnoza" id="A9EA217F-49DA-349D-1F84-C4D000854D96">
<createdBy>Admin</createdBy>
<createdTime>2019-04-08 21:18:34 UTC</createdTime>
<ownerDesignName>semestral</ownerDesignName>
<engineerTo>
<item key="DFFF773F-1AB5-9727-E8DA-2A38629659B0" value="true"/>
</engineerTo>
<use>0</use>
<ownDataTypeParameters>,,</ownDataTypeParameters>
</Attribute>
<Attribute name="hospitalizace" id="48FCAFA0-D4DE-1F72-D444-81F22D12BF8C">
<createdBy>Admin</createdBy>
<createdTime>2019-04-08 21:18:48 UTC</createdTime>
<ownerDesignName>semestral</ownerDesignName>
<engineerTo>
<item key="DFFF773F-1AB5-9727-E8DA-2A38629659B0" value="true"/>
</engineerTo>
<use>0</use>
<ownDataTypeParameters>,,</ownDataTypeParameters>
</Attribute>
<Attribute name="lecba_key" id="5965801E-B9AA-7F58-A1C3-8DB76BD6C619">
<createdBy>Admin</createdBy>
<createdTime>2019-04-08 23:44:38 UTC</createdTime>
<generatorID>8AC999C5-9DCB-629D-4F88-801ACED3CD2F</generatorID>
<ownerDesignName>semestral</ownerDesignName>
<engineerTo>
<item key="DFFF773F-1AB5-9727-E8DA-2A38629659B0" value="true"/>
</engineerTo>
<referedAttribute>5958F648-47EF-07AD-FCB3-89020D3E94B4</referedAttribute>
<use>0</use>
<ownDataTypeParameters>,,</ownDataTypeParameters>
</Attribute>
<Attribute name="dieta_key" id="ADED78D2-476D-8FB9-5868-3F1D9E45A253">
<createdBy>Admin</createdBy>
<createdTime>2019-04-08 23:53:17 UTC</createdTime>
<generatorID>269C1F6A-5392-76B0-D623-CF2911D523EC</generatorID>
<ownerDesignName>semestral</ownerDesignName>
<engineerTo>
<item key="DFFF773F-1AB5-9727-E8DA-2A38629659B0" value="true"/>
</engineerTo>
<referedAttribute>24EF7912-D065-DEFA-9090-BB26B2571CD3</referedAttribute>
<use>0</use>
<ownDataTypeParameters>,,</ownDataTypeParameters>
</Attribute>
<Attribute name="mistnost_key" id="91592F01-BF1F-EEF3-341A-8E11F7CC447B">
<createdBy>Admin</createdBy>
<createdTime>2019-04-09 06:26:59 UTC</createdTime>
<generatorID>44A14ED6-8C8D-6656-E8E0-0A821A32F838</generatorID>
<ownerDesignName>semestral</ownerDesignName>
<engineerTo>
<item key="DFFF773F-1AB5-9727-E8DA-2A38629659B0" value="true"/>
</engineerTo>
<nullsAllowed>true</nullsAllowed>
<referedAttribute>82A85A64-1BA2-BB4A-C885-72FAA77D2937</referedAttribute>
<use>0</use>
<ownDataTypeParameters>,,</ownDataTypeParameters>
</Attribute>
</attributes>
<identifiers itemClass="oracle.dbtools.crest.model.design.logical.CandidateKey">
<identifier id="B64EFCA7-F467-6FBB-EC08-727C126DCF59" name="PACIENT PK">
<createdBy>Admin</createdBy>
<createdTime>2019-04-08 21:16:20 UTC</createdTime>
<ownerDesignName>semestral</ownerDesignName>
<engineerTo>
<item key="DFFF773F-1AB5-9727-E8DA-2A38629659B0" value="true"/>
</engineerTo>
<pk>true</pk>
<usedAttributes>
<attributeRef>18078984-D965-584D-18FF-E93E5400CF72</attributeRef>
</usedAttributes>
</identifier>
<identifier id="CA924324-1B50-1A95-7DC0-39321D8C7BED" name="osobni_cislo">
<createdBy>Admin</createdBy>
<createdTime>2019-04-08 21:17:40 UTC</createdTime>
<ownerDesignName>semestral</ownerDesignName>
<engineerTo>
<item key="DFFF773F-1AB5-9727-E8DA-2A38629659B0" value="true"/>
</engineerTo>
<newElementsIDs>EAC0832D-70C8-F5BA-8D96-6750E6146CBA</newElementsIDs>
<usedAttributes>
<attributeRef>EAC0832D-70C8-F5BA-8D96-6750E6146CBA</attributeRef>
</usedAttributes>
</identifier>
</identifiers>
</Entity>