<?xml version = '1.0' encoding = 'UTF-8'?>
<Entity class="oracle.dbtools.crest.model.design.logical.Entity" directorySegmentName="seg_0" id="64FBADDF-8932-12D7-270B-2E8F2A0CCCD9" name="PROCEDURA">
<createdBy>Admin</createdBy>
<createdTime>2019-04-08 23:08:17 UTC</createdTime>
<ownerDesignName>semestral</ownerDesignName>
<engineerTo>
<item key="DFFF773F-1AB5-9727-E8DA-2A38629659B0" value="true"/>
</engineerTo>
<adequatelyNormalized>NO</adequatelyNormalized>
<expectedVolumes>0</expectedVolumes>
<fwdEngineeringStrategyName>Single Table</fwdEngineeringStrategyName>
<growthPercent>0</growthPercent>
<growthType>Year</growthType>
<maxVolumes>9999999</maxVolumes>
<minVolumes>0</minVolumes>
<normalForm>Third</normalForm>
<attributes itemClass="oracle.dbtools.crest.model.design.logical.Attribute">
<Attribute name="popis" id="2A3F629C-08AE-31D8-8B72-782B88A24AB2">
<createdBy>Admin</createdBy>
<createdTime>2019-04-08 23:08:28 UTC</createdTime>
<ownerDesignName>semestral</ownerDesignName>
<engineerTo>
<item key="DFFF773F-1AB5-9727-E8DA-2A38629659B0" value="true"/>
</engineerTo>
<use>0</use>
<ownDataTypeParameters>,,</ownDataTypeParameters>
</Attribute>
<Attribute name="uroven_bolesti" id="001019F4-703D-BBDE-BEA4-42762826472B">
<createdBy>Admin</createdBy>
<createdTime>2019-04-08 23:09:34 UTC</createdTime>
<ownerDesignName>semestral</ownerDesignName>
<engineerTo>
<item key="DFFF773F-1AB5-9727-E8DA-2A38629659B0" value="true"/>
</engineerTo>
<nullsAllowed>true</nullsAllowed>
<use>0</use>
<ownDataTypeParameters>,,</ownDataTypeParameters>
</Attribute>
<Attribute name="lecba_key" id="54FA1AAD-8CCC-9230-B546-59B009FB850B">
<createdBy>Admin</createdBy>
<createdTime>2019-04-08 23:27:32 UTC</createdTime>
<generatorID>7E8C44AF-27B1-680D-A679-22F97641E253</generatorID>
<ownerDesignName>semestral</ownerDesignName>
<engineerTo>
<item key="DFFF773F-1AB5-9727-E8DA-2A38629659B0" value="true"/>
</engineerTo>
<referedAttribute>5958F648-47EF-07AD-FCB3-89020D3E94B4</referedAttribute>
<use>0</use>
<ownDataTypeParameters>,,</ownDataTypeParameters>
</Attribute>
</attributes>
<identifiers itemClass="oracle.dbtools.crest.model.design.logical.CandidateKey">
<identifier id="6B78BA14-2AAD-780D-D1DF-1F6723B8271C" name="PROCEDURA PK">
<createdBy>Admin</createdBy>
<createdTime>2019-04-09 06:05:23 UTC</createdTime>
<ownerDesignName>semestral</ownerDesignName>
<engineerTo>
<item key="DFFF773F-1AB5-9727-E8DA-2A38629659B0" value="true"/>
</engineerTo>
<pk>true</pk>
<usedAttributes>
<attributeRef>54FA1AAD-8CCC-9230-B546-59B009FB850B</attributeRef>
</usedAttributes>
</identifier>
</identifiers>
</Entity>