<?xml version = '1.0' encoding = 'UTF-8'?>
<Entity class="oracle.dbtools.crest.model.design.logical.Entity" directorySegmentName="seg_0" id="70E1FDA8-BD39-B6F5-0989-59A643834A63" name="TERAPIE">
<createdBy>Admin</createdBy>
<createdTime>2019-04-08 23:10:06 UTC</createdTime>
<ownerDesignName>semestral</ownerDesignName>
<engineerTo>
<item key="DFFF773F-1AB5-9727-E8DA-2A38629659B0" value="true"/>
</engineerTo>
<adequatelyNormalized>NO</adequatelyNormalized>
<expectedVolumes>0</expectedVolumes>
<fwdEngineeringStrategyName>Single Table</fwdEngineeringStrategyName>
<growthPercent>0</growthPercent>
<growthType>Year</growthType>
<maxVolumes>9999999</maxVolumes>
<minVolumes>0</minVolumes>
<normalForm>Third</normalForm>
<attributes itemClass="oracle.dbtools.crest.model.design.logical.Attribute">
<Attribute name="typ" id="1C690EF8-1453-7347-B637-1A60C51B8C76">
<createdBy>Admin</createdBy>
<createdTime>2019-04-08 23:10:47 UTC</createdTime>
<ownerDesignName>semestral</ownerDesignName>
<engineerTo>
<item key="DFFF773F-1AB5-9727-E8DA-2A38629659B0" value="true"/>
</engineerTo>
<use>0</use>
<ownDataTypeParameters>,,</ownDataTypeParameters>
</Attribute>
<Attribute name="ucinnost" id="20FB66B6-5B47-8BEB-D1D4-550D058A566C">
<createdBy>Admin</createdBy>
<createdTime>2019-04-08 23:10:59 UTC</createdTime>
<ownerDesignName>semestral</ownerDesignName>
<engineerTo>
<item key="DFFF773F-1AB5-9727-E8DA-2A38629659B0" value="true"/>
</engineerTo>
<nullsAllowed>true</nullsAllowed>
<use>0</use>
<ownDataTypeParameters>,,</ownDataTypeParameters>
</Attribute>
<Attribute name="lecba_key" id="E810B498-DD51-5D91-8DDE-902ACCB4113E">
<createdBy>Admin</createdBy>
<createdTime>2019-04-08 23:28:09 UTC</createdTime>
<generatorID>D7A02C3B-60CF-7851-90FF-4B6FB7AE6CDE</generatorID>
<ownerDesignName>semestral</ownerDesignName>
<engineerTo>
<item key="DFFF773F-1AB5-9727-E8DA-2A38629659B0" value="true"/>
</engineerTo>
<referedAttribute>5958F648-47EF-07AD-FCB3-89020D3E94B4</referedAttribute>
<use>0</use>
<ownDataTypeParameters>,,</ownDataTypeParameters>
</Attribute>
</attributes>
<identifiers itemClass="oracle.dbtools.crest.model.design.logical.CandidateKey">
<identifier id="A22FFCCB-A2AC-62EF-CA32-B62E6881E2F3" name="TERAPIE PK">
<createdBy>Admin</createdBy>
<createdTime>2019-04-09 06:05:31 UTC</createdTime>
<ownerDesignName>semestral</ownerDesignName>
<engineerTo>
<item key="DFFF773F-1AB5-9727-E8DA-2A38629659B0" value="true"/>
</engineerTo>
<pk>true</pk>
<usedAttributes>
<attributeRef>E810B498-DD51-5D91-8DDE-902ACCB4113E</attributeRef>
</usedAttributes>
</identifier>
</identifiers>
</Entity>