<?xml version = '1.0' encoding = 'UTF-8'?>
<Entity class="oracle.dbtools.crest.model.design.logical.Entity" directorySegmentName="seg_0" id="73BAD100-D724-9A84-974B-B6B1CF838636" name="ODDELENI">
<createdBy>Admin</createdBy>
<createdTime>2019-04-09 05:40:08 UTC</createdTime>
<ownerDesignName>semestral</ownerDesignName>
<engineerTo>
<item key="DFFF773F-1AB5-9727-E8DA-2A38629659B0" value="true"/>
</engineerTo>
<adequatelyNormalized>NO</adequatelyNormalized>
<expectedVolumes>0</expectedVolumes>
<fwdEngineeringStrategyName>Single Table</fwdEngineeringStrategyName>
<growthPercent>0</growthPercent>
<growthType>Year</growthType>
<maxVolumes>9999999</maxVolumes>
<minVolumes>0</minVolumes>
<normalForm>Third</normalForm>
<attributes itemClass="oracle.dbtools.crest.model.design.logical.Attribute">
<Attribute name="oddeleni_key" id="3C791489-641F-607D-9006-7FB3988D17AA">
<createdBy>Admin</createdBy>
<createdTime>2019-04-09 05:40:20 UTC</createdTime>
<ownerDesignName>semestral</ownerDesignName>
<engineerTo>
<item key="DFFF773F-1AB5-9727-E8DA-2A38629659B0" value="true"/>
</engineerTo>
<use>0</use>
<ownDataTypeParameters>,,</ownDataTypeParameters>
</Attribute>
<Attribute name="cislo" id="11AFFF00-F8D2-223B-D16D-1525DF5C8D44">
<createdBy>Admin</createdBy>
<createdTime>2019-04-09 05:40:47 UTC</createdTime>
<ownerDesignName>semestral</ownerDesignName>
<engineerTo>
<item key="DFFF773F-1AB5-9727-E8DA-2A38629659B0" value="true"/>
</engineerTo>
<use>0</use>
<ownDataTypeParameters>,,</ownDataTypeParameters>
</Attribute>
<Attribute name="diagnostika" id="C87C2BD5-5825-CC08-8AA2-EC41BCEA154D">
<createdBy>Admin</createdBy>
<createdTime>2019-04-09 05:42:30 UTC</createdTime>
<ownerDesignName>semestral</ownerDesignName>
<engineerTo>
<item key="DFFF773F-1AB5-9727-E8DA-2A38629659B0" value="true"/>
</engineerTo>
<nullsAllowed>true</nullsAllowed>
<use>0</use>
<ownDataTypeParameters>,,</ownDataTypeParameters>
</Attribute>
</attributes>
<identifiers itemClass="oracle.dbtools.crest.model.design.logical.CandidateKey">
<identifier id="A295DC22-6E2B-A4D3-A0EB-FF5DB95F39FE" name="ODDELENI PK">
<createdBy>Admin</createdBy>
<createdTime>2019-04-09 05:40:43 UTC</createdTime>
<ownerDesignName>semestral</ownerDesignName>
<engineerTo>
<item key="DFFF773F-1AB5-9727-E8DA-2A38629659B0" value="true"/>
</engineerTo>
<pk>true</pk>
<usedAttributes>
<attributeRef>3C791489-641F-607D-9006-7FB3988D17AA</attributeRef>
</usedAttributes>
</identifier>
<identifier id="C407D6C3-C64D-2EF1-5773-DD256FD159A0" name="cislo">
<createdBy>Admin</createdBy>
<createdTime>2019-04-09 05:41:05 UTC</createdTime>
<ownerDesignName>semestral</ownerDesignName>
<engineerTo>
<item key="DFFF773F-1AB5-9727-E8DA-2A38629659B0" value="true"/>
</engineerTo>
<newElementsIDs>11AFFF00-F8D2-223B-D16D-1525DF5C8D44</newElementsIDs>
<usedAttributes>
<attributeRef>11AFFF00-F8D2-223B-D16D-1525DF5C8D44</attributeRef>
</usedAttributes>
</identifier>
</identifiers>
</Entity>