<?xml version = '1.0' encoding = 'UTF-8'?>
<Entity class="oracle.dbtools.crest.model.design.logical.Entity" directorySegmentName="seg_0" id="7D8F0443-2F03-7EB1-E0AB-92CC0852BAB2" name="VUZ">
<createdBy>Admin</createdBy>
<createdTime>2019-04-09 06:49:27 UTC</createdTime>
<ownerDesignName>semestral</ownerDesignName>
<engineerTo>
<item key="DFFF773F-1AB5-9727-E8DA-2A38629659B0" value="true"/>
</engineerTo>
<adequatelyNormalized>NO</adequatelyNormalized>
<expectedVolumes>0</expectedVolumes>
<fwdEngineeringStrategyName>Single Table</fwdEngineeringStrategyName>
<growthPercent>0</growthPercent>
<growthType>Year</growthType>
<maxVolumes>9999999</maxVolumes>
<minVolumes>0</minVolumes>
<normalForm>Third</normalForm>
<attributes itemClass="oracle.dbtools.crest.model.design.logical.Attribute">
<Attribute name="vuz_key" id="9C3DBA14-A303-B2EA-015E-80C65737DF14">
<createdBy>Admin</createdBy>
<createdTime>2019-04-09 06:49:46 UTC</createdTime>
<ownerDesignName>semestral</ownerDesignName>
<engineerTo>
<item key="DFFF773F-1AB5-9727-E8DA-2A38629659B0" value="true"/>
</engineerTo>
<use>0</use>
<ownDataTypeParameters>,,</ownDataTypeParameters>
</Attribute>
<Attribute name="spz" id="F1C62EE2-4442-4787-0E66-B7113FF85D5B">
<createdBy>Admin</createdBy>
<createdTime>2019-04-09 06:49:56 UTC</createdTime>
<ownerDesignName>semestral</ownerDesignName>
<engineerTo>
<item key="DFFF773F-1AB5-9727-E8DA-2A38629659B0" value="true"/>
</engineerTo>
<use>0</use>
<ownDataTypeParameters>,,</ownDataTypeParameters>
</Attribute>
<Attribute name="ucel" id="9C8C4A80-6410-1B77-41C4-0C6A9CEECD79">
<createdBy>Admin</createdBy>
<createdTime>2019-04-09 06:50:53 UTC</createdTime>
<ownerDesignName>semestral</ownerDesignName>
<engineerTo>
<item key="DFFF773F-1AB5-9727-E8DA-2A38629659B0" value="true"/>
</engineerTo>
<use>0</use>
<ownDataTypeParameters>,,</ownDataTypeParameters>
</Attribute>
<Attribute name="nazev" id="D7EE9540-E036-0D75-49CA-3A0095B450FF">
<createdBy>Admin</createdBy>
<createdTime>2019-04-09 06:50:33 UTC</createdTime>
<ownerDesignName>semestral</ownerDesignName>
<engineerTo>
<item key="DFFF773F-1AB5-9727-E8DA-2A38629659B0" value="true"/>
</engineerTo>
<nullsAllowed>true</nullsAllowed>
<use>0</use>
<ownDataTypeParameters>,,</ownDataTypeParameters>
</Attribute>
<Attribute name="oddeleni_key" id="C6E80DB6-FFDC-C3C3-6CEE-22FBB73A6661">
<createdBy>Admin</createdBy>
<createdTime>2019-04-09 06:53:31 UTC</createdTime>
<generatorID>18AE5B8A-4067-84C3-8EC5-B428F4BE1826</generatorID>
<ownerDesignName>semestral</ownerDesignName>
<engineerTo>
<item key="DFFF773F-1AB5-9727-E8DA-2A38629659B0" value="true"/>
</engineerTo>
<nullsAllowed>true</nullsAllowed>
<referedAttribute>3C791489-641F-607D-9006-7FB3988D17AA</referedAttribute>
<use>0</use>
<ownDataTypeParameters>,,</ownDataTypeParameters>
</Attribute>
</attributes>
<identifiers itemClass="oracle.dbtools.crest.model.design.logical.CandidateKey">
<identifier id="6DED7498-444B-8EAC-EE31-0FA578604237" name="VUZ PK">
<createdBy>Admin</createdBy>
<createdTime>2019-04-09 06:49:52 UTC</createdTime>
<ownerDesignName>semestral</ownerDesignName>
<engineerTo>
<item key="DFFF773F-1AB5-9727-E8DA-2A38629659B0" value="true"/>
</engineerTo>
<pk>true</pk>
<usedAttributes>
<attributeRef>9C3DBA14-A303-B2EA-015E-80C65737DF14</attributeRef>
</usedAttributes>
</identifier>
<identifier id="FD74AC8E-3C6A-A424-E863-09444E12E726" name="spz">
<createdBy>Admin</createdBy>
<createdTime>2019-04-09 06:50:06 UTC</createdTime>
<ownerDesignName>semestral</ownerDesignName>
<engineerTo>
<item key="DFFF773F-1AB5-9727-E8DA-2A38629659B0" value="true"/>
</engineerTo>
<newElementsIDs>F1C62EE2-4442-4787-0E66-B7113FF85D5B</newElementsIDs>
<usedAttributes>
<attributeRef>F1C62EE2-4442-4787-0E66-B7113FF85D5B</attributeRef>
</usedAttributes>
</identifier>
</identifiers>
</Entity>