<?xml version = '1.0' encoding = 'UTF-8'?>
<Entity class="oracle.dbtools.crest.model.design.logical.Entity" directorySegmentName="seg_0" id="AA20C999-6428-10D2-5014-94C3BDD65846" name="NAVSTEVNIK">
<createdBy>Admin</createdBy>
<createdTime>2019-04-08 21:33:00 UTC</createdTime>
<ownerDesignName>semestral</ownerDesignName>
<engineerTo>
<item key="DFFF773F-1AB5-9727-E8DA-2A38629659B0" value="true"/>
</engineerTo>
<adequatelyNormalized>NO</adequatelyNormalized>
<expectedVolumes>0</expectedVolumes>
<fwdEngineeringStrategyName>Single Table</fwdEngineeringStrategyName>
<growthPercent>0</growthPercent>
<growthType>Year</growthType>
<maxVolumes>9999999</maxVolumes>
<minVolumes>0</minVolumes>
<normalForm>Third</normalForm>
<attributes itemClass="oracle.dbtools.crest.model.design.logical.Attribute">
<Attribute name="navstevnik_key" id="A38A4F2B-AFF0-0BD4-DC27-188BAC454C95">
<createdBy>Admin</createdBy>
<createdTime>2019-04-08 21:34:20 UTC</createdTime>
<ownerDesignName>semestral</ownerDesignName>
<engineerTo>
<item key="DFFF773F-1AB5-9727-E8DA-2A38629659B0" value="true"/>
</engineerTo>
<use>0</use>
<ownDataTypeParameters>,,</ownDataTypeParameters>
</Attribute>
<Attribute name="osobni_cislo" id="1AF56E65-1888-2554-1FE0-34EA9AB05C84">
<createdBy>Admin</createdBy>
<createdTime>2019-04-08 21:34:35 UTC</createdTime>
<ownerDesignName>semestral</ownerDesignName>
<engineerTo>
<item key="DFFF773F-1AB5-9727-E8DA-2A38629659B0" value="true"/>
</engineerTo>
<use>0</use>
<ownDataTypeParameters>,,</ownDataTypeParameters>
</Attribute>
<Attribute name="jmeno" id="92011217-560E-AA6F-D614-DB999AF47F4F">
<createdBy>Admin</createdBy>
<createdTime>2019-04-08 21:35:37 UTC</createdTime>
<ownerDesignName>semestral</ownerDesignName>
<engineerTo>
<item key="DFFF773F-1AB5-9727-E8DA-2A38629659B0" value="true"/>
</engineerTo>
<use>0</use>
<ownDataTypeParameters>,,</ownDataTypeParameters>
</Attribute>
<Attribute name="prijmeni" id="0828BB49-DC72-F85A-2CAF-41E6358B1CBA">
<createdBy>Admin</createdBy>
<createdTime>2019-04-08 21:36:09 UTC</createdTime>
<ownerDesignName>semestral</ownerDesignName>
<engineerTo>
<item key="DFFF773F-1AB5-9727-E8DA-2A38629659B0" value="true"/>
</engineerTo>
<use>0</use>
<ownDataTypeParameters>,,</ownDataTypeParameters>
</Attribute>
<Attribute name="pocet_navstev" id="A5F3C778-D388-DDCE-9D27-2BEEDD763368">
<createdBy>Admin</createdBy>
<createdTime>2019-04-08 21:36:20 UTC</createdTime>
<ownerDesignName>semestral</ownerDesignName>
<engineerTo>
<item key="DFFF773F-1AB5-9727-E8DA-2A38629659B0" value="true"/>
</engineerTo>
<use>0</use>
<ownDataTypeParameters>,,</ownDataTypeParameters>
</Attribute>
<Attribute name="navsteva_key" id="D331DAEB-4665-BDD8-ED1E-91E478446375">
<createdBy>Admin</createdBy>
<createdTime>2019-04-08 21:53:39 UTC</createdTime>
<generatorID>3E7786BF-451F-4ACB-E19D-0422440739C9</generatorID>
<ownerDesignName>semestral</ownerDesignName>
<engineerTo>
<item key="DFFF773F-1AB5-9727-E8DA-2A38629659B0" value="true"/>
</engineerTo>
<nullsAllowed>true</nullsAllowed>
<referedAttribute>2CE075F0-2A85-EFBC-6C9A-110F1567E7F4</referedAttribute>
<use>0</use>
<ownDataTypeParameters>,,</ownDataTypeParameters>
</Attribute>
</attributes>
<identifiers itemClass="oracle.dbtools.crest.model.design.logical.CandidateKey">
<identifier id="AAA26597-2AC8-5D1E-415C-2D274050499D" name="NAVSTEVNIK PK">
<createdBy>Admin</createdBy>
<createdTime>2019-04-08 21:34:31 UTC</createdTime>
<ownerDesignName>semestral</ownerDesignName>
<engineerTo>
<item key="DFFF773F-1AB5-9727-E8DA-2A38629659B0" value="true"/>
</engineerTo>
<pk>true</pk>
<usedAttributes>
<attributeRef>A38A4F2B-AFF0-0BD4-DC27-188BAC454C95</attributeRef>
</usedAttributes>
</identifier>
<identifier id="337B9062-0D79-0DF2-8FD8-689F78F88627" name="osobni_cislo">
<createdBy>Admin</createdBy>
<createdTime>2019-04-08 21:34:49 UTC</createdTime>
<ownerDesignName>semestral</ownerDesignName>
<engineerTo>
<item key="DFFF773F-1AB5-9727-E8DA-2A38629659B0" value="true"/>
</engineerTo>
<newElementsIDs>1AF56E65-1888-2554-1FE0-34EA9AB05C84</newElementsIDs>
<usedAttributes>
<attributeRef>1AF56E65-1888-2554-1FE0-34EA9AB05C84</attributeRef>
</usedAttributes>
</identifier>
</identifiers>
</Entity>