<?xml version = '1.0' encoding = 'UTF-8'?>
<Entity class="oracle.dbtools.crest.model.design.logical.Entity" directorySegmentName="seg_0" id="BE4EF07D-5F0A-4336-BF43-8E5A8488EE1F" name="NAVSTEVA">
<createdBy>Admin</createdBy>
<createdTime>2019-04-08 21:37:29 UTC</createdTime>
<ownerDesignName>semestral</ownerDesignName>
<engineerTo>
<item key="DFFF773F-1AB5-9727-E8DA-2A38629659B0" value="true"/>
</engineerTo>
<adequatelyNormalized>NO</adequatelyNormalized>
<expectedVolumes>0</expectedVolumes>
<fwdEngineeringStrategyName>Single Table</fwdEngineeringStrategyName>
<growthPercent>0</growthPercent>
<growthType>Year</growthType>
<maxVolumes>9999999</maxVolumes>
<minVolumes>0</minVolumes>
<normalForm>Third</normalForm>
<attributes itemClass="oracle.dbtools.crest.model.design.logical.Attribute">
<Attribute name="navsteva_key" id="2CE075F0-2A85-EFBC-6C9A-110F1567E7F4">
<createdBy>Admin</createdBy>
<createdTime>2019-04-08 21:38:59 UTC</createdTime>
<ownerDesignName>semestral</ownerDesignName>
<engineerTo>
<item key="DFFF773F-1AB5-9727-E8DA-2A38629659B0" value="true"/>
</engineerTo>
<use>0</use>
<ownDataTypeParameters>,,</ownDataTypeParameters>
</Attribute>
<Attribute name="datum" id="A3A10F4F-3E19-648C-2C5F-C0592F5076B4">
<createdBy>Admin</createdBy>
<createdTime>2019-04-08 21:39:12 UTC</createdTime>
<ownerDesignName>semestral</ownerDesignName>
<engineerTo>
<item key="DFFF773F-1AB5-9727-E8DA-2A38629659B0" value="true"/>
</engineerTo>
<use>0</use>
<ownDataTypeParameters>,,</ownDataTypeParameters>
</Attribute>
<Attribute name="cas" id="1115CA57-5D34-F0F3-E1B5-272BD628B48F">
<createdBy>Admin</createdBy>
<createdTime>2019-04-08 21:39:24 UTC</createdTime>
<ownerDesignName>semestral</ownerDesignName>
<engineerTo>
<item key="DFFF773F-1AB5-9727-E8DA-2A38629659B0" value="true"/>
</engineerTo>
<use>0</use>
<ownDataTypeParameters>,,</ownDataTypeParameters>
</Attribute>
<Attribute name="poznamka" id="F6BD3E0B-D6DA-8194-2BA8-94B41A2AE034">
<createdBy>Admin</createdBy>
<createdTime>2019-04-08 21:39:36 UTC</createdTime>
<ownerDesignName>semestral</ownerDesignName>
<engineerTo>
<item key="DFFF773F-1AB5-9727-E8DA-2A38629659B0" value="true"/>
</engineerTo>
<nullsAllowed>true</nullsAllowed>
<use>0</use>
<ownDataTypeParameters>,,</ownDataTypeParameters>
</Attribute>
<Attribute name="pacient_key" id="D4293DD1-B1A7-4544-CE15-AE31B89BF044">
<createdBy>Admin</createdBy>
<createdTime>2019-04-08 21:44:28 UTC</createdTime>
<generatorID>D8CEC38E-267B-937C-8B3A-F64AC0741E35</generatorID>
<ownerDesignName>semestral</ownerDesignName>
<engineerTo>
<item key="DFFF773F-1AB5-9727-E8DA-2A38629659B0" value="true"/>
</engineerTo>
<referedAttribute>18078984-D965-584D-18FF-E93E5400CF72</referedAttribute>
<use>0</use>
<ownDataTypeParameters>,,</ownDataTypeParameters>
</Attribute>
<Attribute name="mistnost_key" id="2B5812C3-03C1-59C7-B63E-9B76FC2554BF">
<createdBy>Admin</createdBy>
<createdTime>2019-04-09 06:24:03 UTC</createdTime>
<generatorID>10EE3768-B93C-362A-BE1D-2A0F621D9B59</generatorID>
<ownerDesignName>semestral</ownerDesignName>
<engineerTo>
<item key="DFFF773F-1AB5-9727-E8DA-2A38629659B0" value="true"/>
</engineerTo>
<nullsAllowed>true</nullsAllowed>
<referedAttribute>82A85A64-1BA2-BB4A-C885-72FAA77D2937</referedAttribute>
<use>0</use>
<ownDataTypeParameters>,,</ownDataTypeParameters>
</Attribute>
</attributes>
<identifiers itemClass="oracle.dbtools.crest.model.design.logical.CandidateKey">
<identifier id="A3EEFA4F-A897-69FC-137B-ECB234D8DFE0" name="NAVSTEVA PK">
<createdBy>Admin</createdBy>
<createdTime>2019-04-08 21:39:09 UTC</createdTime>
<ownerDesignName>semestral</ownerDesignName>
<engineerTo>
<item key="DFFF773F-1AB5-9727-E8DA-2A38629659B0" value="true"/>
</engineerTo>
<pk>true</pk>
<usedAttributes>
<attributeRef>2CE075F0-2A85-EFBC-6C9A-110F1567E7F4</attributeRef>
</usedAttributes>
</identifier>
</identifiers>
</Entity>