<?xml version = '1.0' encoding = 'UTF-8'?>
<Entity class="oracle.dbtools.crest.model.design.logical.Entity" directorySegmentName="seg_0" id="BF39E4D4-F862-216E-1C33-DD8C862BF1E5" name="OZDRAVOVNA">
<createdBy>Admin</createdBy>
<createdTime>2019-04-09 05:53:36 UTC</createdTime>
<ownerDesignName>semestral</ownerDesignName>
<engineerTo>
<item key="DFFF773F-1AB5-9727-E8DA-2A38629659B0" value="true"/>
</engineerTo>
<adequatelyNormalized>NO</adequatelyNormalized>
<expectedVolumes>0</expectedVolumes>
<fwdEngineeringStrategyName>Single Table</fwdEngineeringStrategyName>
<growthPercent>0</growthPercent>
<growthType>Year</growthType>
<maxVolumes>9999999</maxVolumes>
<minVolumes>0</minVolumes>
<normalForm>Third</normalForm>
<attributes itemClass="oracle.dbtools.crest.model.design.logical.Attribute">
<Attribute name="ucel" id="9AB672AF-6025-2078-774E-D3717793678B">
<createdBy>Admin</createdBy>
<createdTime>2019-04-09 05:54:30 UTC</createdTime>
<ownerDesignName>semestral</ownerDesignName>
<engineerTo>
<item key="DFFF773F-1AB5-9727-E8DA-2A38629659B0" value="true"/>
</engineerTo>
<use>0</use>
<ownDataTypeParameters>,,</ownDataTypeParameters>
</Attribute>
<Attribute name="poznamka" id="90819AA8-C0AC-A4AF-0C9D-DF1695F2BBEE">
<createdBy>Admin</createdBy>
<createdTime>2019-04-09 05:55:01 UTC</createdTime>
<ownerDesignName>semestral</ownerDesignName>
<engineerTo>
<item key="DFFF773F-1AB5-9727-E8DA-2A38629659B0" value="true"/>
</engineerTo>
<nullsAllowed>true</nullsAllowed>
<use>0</use>
<ownDataTypeParameters>,,</ownDataTypeParameters>
</Attribute>
<Attribute name="mistnost_key" id="64EC1A38-89D1-80B0-7CE0-1A6B5E7D7AF3">
<createdBy>Admin</createdBy>
<createdTime>2019-04-09 06:03:23 UTC</createdTime>
<generatorID>9B9A8377-18C6-CB2D-773B-E8A5ADDE8D06</generatorID>
<ownerDesignName>semestral</ownerDesignName>
<engineerTo>
<item key="DFFF773F-1AB5-9727-E8DA-2A38629659B0" value="true"/>
</engineerTo>
<referedAttribute>89FFFFCD-CDE0-74A7-D9C9-3BADD2D9EC72</referedAttribute>
<use>0</use>
<ownDataTypeParameters>,,</ownDataTypeParameters>
</Attribute>
</attributes>
<identifiers itemClass="oracle.dbtools.crest.model.design.logical.CandidateKey">
<identifier id="B75B4B25-B6AE-ADA1-FBEC-82FE1F88E072" name="OZDRAVOVNA PK">
<createdBy>Admin</createdBy>
<createdTime>2019-04-09 06:05:47 UTC</createdTime>
<ownerDesignName>semestral</ownerDesignName>
<engineerTo>
<item key="DFFF773F-1AB5-9727-E8DA-2A38629659B0" value="true"/>
</engineerTo>
<pk>true</pk>
<usedAttributes>
<attributeRef>64EC1A38-89D1-80B0-7CE0-1A6B5E7D7AF3</attributeRef>
</usedAttributes>
</identifier>
</identifiers>
</Entity>