<?xml version = '1.0' encoding = 'UTF-8'?>
<Entity class="oracle.dbtools.crest.model.design.logical.Entity" directorySegmentName="seg_0" id="CB296233-FA56-8B1E-7220-C20D0ED750FD" name="ADMINISTRATIVA">
<createdBy>Admin</createdBy>
<createdTime>2019-04-08 20:56:03 UTC</createdTime>
<ownerDesignName>semestral</ownerDesignName>
<engineerTo>
<item key="DFFF773F-1AB5-9727-E8DA-2A38629659B0" value="true"/>
</engineerTo>
<adequatelyNormalized>NO</adequatelyNormalized>
<expectedVolumes>0</expectedVolumes>
<fwdEngineeringStrategyName>Single Table</fwdEngineeringStrategyName>
<growthPercent>0</growthPercent>
<growthType>Year</growthType>
<maxVolumes>9999999</maxVolumes>
<minVolumes>0</minVolumes>
<normalForm>Third</normalForm>
<attributes itemClass="oracle.dbtools.crest.model.design.logical.Attribute">
<Attribute name="neschopnost_index" id="BC3B4A29-2B6B-91EF-75C1-B15AFC764A0E">
<createdBy>Admin</createdBy>
<createdTime>2019-04-08 20:56:37 UTC</createdTime>
<ownerDesignName>semestral</ownerDesignName>
<engineerTo>
<item key="DFFF773F-1AB5-9727-E8DA-2A38629659B0" value="true"/>
</engineerTo>
<use>0</use>
<ownDataTypeParameters>,,</ownDataTypeParameters>
</Attribute>
<Attribute name="oversleep_count" id="77B899B8-35F2-5E84-A957-8EEBD16DA2F3">
<createdBy>Admin</createdBy>
<createdTime>2019-04-08 20:56:57 UTC</createdTime>
<ownerDesignName>semestral</ownerDesignName>
<engineerTo>
<item key="DFFF773F-1AB5-9727-E8DA-2A38629659B0" value="true"/>
</engineerTo>
<use>0</use>
<ownDataTypeParameters>,,</ownDataTypeParameters>
</Attribute>
<Attribute name="iq" id="AACB557A-8EE1-BFE4-181F-EFED6308CF7B">
<createdBy>Admin</createdBy>
<createdTime>2019-04-08 20:56:19 UTC</createdTime>
<ownerDesignName>semestral</ownerDesignName>
<engineerTo>
<item key="DFFF773F-1AB5-9727-E8DA-2A38629659B0" value="true"/>
</engineerTo>
<nullsAllowed>true</nullsAllowed>
<use>0</use>
<ownDataTypeParameters>,,</ownDataTypeParameters>
</Attribute>
<Attribute name="zamestnanec_key" id="0D3E72AB-A59B-DBEE-EAE3-450372C44761">
<createdBy>Admin</createdBy>
<createdTime>2019-04-08 20:58:04 UTC</createdTime>
<generatorID>05F01C9C-F8D5-7383-BC46-7B5CC7CB6921</generatorID>
<ownerDesignName>semestral</ownerDesignName>
<engineerTo>
<item key="DFFF773F-1AB5-9727-E8DA-2A38629659B0" value="true"/>
</engineerTo>
<referedAttribute>A58EC0DA-E2CA-9D7F-CFA5-A5025182A9A7</referedAttribute>
<use>0</use>
<ownDataTypeParameters>,,</ownDataTypeParameters>
</Attribute>
<Attribute name="oddeleni_key" id="AD7A08A5-7FA3-69E0-774E-38D66CE5BC9F">
<createdBy>Admin</createdBy>
<createdTime>2019-04-09 05:46:02 UTC</createdTime>
<generatorID>396E6BEB-6714-2B89-1FF1-A0F64534E57C</generatorID>
<ownerDesignName>semestral</ownerDesignName>
<engineerTo>
<item key="DFFF773F-1AB5-9727-E8DA-2A38629659B0" value="true"/>
</engineerTo>
<referedAttribute>3C791489-641F-607D-9006-7FB3988D17AA</referedAttribute>
<use>0</use>
<ownDataTypeParameters>,,</ownDataTypeParameters>
</Attribute>
</attributes>
<identifiers itemClass="oracle.dbtools.crest.model.design.logical.CandidateKey">
<identifier id="9C7183F8-28C9-2548-5559-EF01F1534CC8" name="ADMINISTRATIVA PK">
<createdBy>Admin</createdBy>
<createdTime>2019-04-08 20:58:21 UTC</createdTime>
<ownerDesignName>semestral</ownerDesignName>
<engineerTo>
<item key="DFFF773F-1AB5-9727-E8DA-2A38629659B0" value="true"/>
</engineerTo>
<pk>true</pk>
<usedAttributes>
<attributeRef>0D3E72AB-A59B-DBEE-EAE3-450372C44761</attributeRef>
</usedAttributes>
</identifier>
</identifiers>
</Entity>