<?xml version = '1.0' encoding = 'UTF-8'?>
<Entity class="oracle.dbtools.crest.model.design.logical.Entity" directorySegmentName="seg_0" id="CBFE57A3-765E-FF18-A7C1-611891C7F363" name="POCITAC">
<createdBy>Admin</createdBy>
<createdTime>2019-04-09 06:38:36 UTC</createdTime>
<ownerDesignName>semestral</ownerDesignName>
<engineerTo>
<item key="DFFF773F-1AB5-9727-E8DA-2A38629659B0" value="true"/>
</engineerTo>
<adequatelyNormalized>NO</adequatelyNormalized>
<expectedVolumes>0</expectedVolumes>
<fwdEngineeringStrategyName>Single Table</fwdEngineeringStrategyName>
<growthPercent>0</growthPercent>
<growthType>Year</growthType>
<maxVolumes>9999999</maxVolumes>
<minVolumes>0</minVolumes>
<normalForm>Third</normalForm>
<attributes itemClass="oracle.dbtools.crest.model.design.logical.Attribute">
<Attribute name="pocitac_key" id="F1DF60A8-6E12-D903-D835-6F095BE38B1F">
<createdBy>Admin</createdBy>
<createdTime>2019-04-09 06:39:14 UTC</createdTime>
<ownerDesignName>semestral</ownerDesignName>
<engineerTo>
<item key="DFFF773F-1AB5-9727-E8DA-2A38629659B0" value="true"/>
</engineerTo>
<use>0</use>
<ownDataTypeParameters>,,</ownDataTypeParameters>
</Attribute>
<Attribute name="oznaceni" id="19E98ED2-08B5-BAF2-3EF3-56FC098F06C3">
<createdBy>Admin</createdBy>
<createdTime>2019-04-09 06:39:47 UTC</createdTime>
<ownerDesignName>semestral</ownerDesignName>
<engineerTo>
<item key="DFFF773F-1AB5-9727-E8DA-2A38629659B0" value="true"/>
</engineerTo>
<use>0</use>
<ownDataTypeParameters>,,</ownDataTypeParameters>
</Attribute>
<Attribute name="jmeno" id="ECC3A82E-E45C-2DCA-CB0B-1DE4432E6B4E">
<createdBy>Admin</createdBy>
<createdTime>2019-04-09 06:41:52 UTC</createdTime>
<ownerDesignName>semestral</ownerDesignName>
<engineerTo>
<item key="DFFF773F-1AB5-9727-E8DA-2A38629659B0" value="true"/>
</engineerTo>
<nullsAllowed>true</nullsAllowed>
<use>0</use>
<ownDataTypeParameters>,,</ownDataTypeParameters>
</Attribute>
<Attribute name="ip_adresa" id="AE392E4E-7984-6681-7E05-16AB3BE8799D">
<createdBy>Admin</createdBy>
<createdTime>2019-04-09 06:42:06 UTC</createdTime>
<ownerDesignName>semestral</ownerDesignName>
<engineerTo>
<item key="DFFF773F-1AB5-9727-E8DA-2A38629659B0" value="true"/>
</engineerTo>
<nullsAllowed>true</nullsAllowed>
<use>0</use>
<ownDataTypeParameters>,,</ownDataTypeParameters>
</Attribute>
<Attribute name="mistnost_key" id="BB69D3FD-84C4-06F1-D66F-3995A49C214D">
<createdBy>Admin</createdBy>
<createdTime>2019-04-09 06:46:52 UTC</createdTime>
<generatorID>0CF03E19-41DD-82D0-D65E-BFCDD0328138</generatorID>
<ownerDesignName>semestral</ownerDesignName>
<engineerTo>
<item key="DFFF773F-1AB5-9727-E8DA-2A38629659B0" value="true"/>
</engineerTo>
<nullsAllowed>true</nullsAllowed>
<referedAttribute>88ACF1DE-826D-7386-DCAB-B0CD44636A34</referedAttribute>
<use>0</use>
<ownDataTypeParameters>,,</ownDataTypeParameters>
</Attribute>
<Attribute name="pocitac_key1" id="575CBDD5-316F-D02A-05DC-85273A18FD6F">
<createdBy>Admin</createdBy>
<createdTime>2019-04-09 06:46:52 UTC</createdTime>
<generatorID>0CF03E19-41DD-82D0-D65E-BFCDD0328138</generatorID>
<ownerDesignName>semestral</ownerDesignName>
<engineerTo>
<item key="DFFF773F-1AB5-9727-E8DA-2A38629659B0" value="true"/>
</engineerTo>
<nullsAllowed>true</nullsAllowed>
<referedAttribute>B6ECE99E-6824-5F51-3EAC-5021931801FE</referedAttribute>
<use>0</use>
<ownDataTypeParameters>,,</ownDataTypeParameters>
</Attribute>
</attributes>
<identifiers itemClass="oracle.dbtools.crest.model.design.logical.CandidateKey">
<identifier id="BB3C5716-AC6E-B3FC-AAFF-9566CC9AE897" name="POCITAC PK">
<createdBy>Admin</createdBy>
<createdTime>2019-04-09 06:39:35 UTC</createdTime>
<ownerDesignName>semestral</ownerDesignName>
<engineerTo>
<item key="DFFF773F-1AB5-9727-E8DA-2A38629659B0" value="true"/>
</engineerTo>
<pk>true</pk>
<usedAttributes>
<attributeRef>F1DF60A8-6E12-D903-D835-6F095BE38B1F</attributeRef>
</usedAttributes>
</identifier>
<identifier id="B9697B22-1131-8A89-9FC6-BBC82943DC54" name="oznaceni">
<createdBy>Admin</createdBy>
<createdTime>2019-04-09 06:40:12 UTC</createdTime>
<ownerDesignName>semestral</ownerDesignName>
<engineerTo>
<item key="DFFF773F-1AB5-9727-E8DA-2A38629659B0" value="true"/>
</engineerTo>
<newElementsIDs>19E98ED2-08B5-BAF2-3EF3-56FC098F06C3</newElementsIDs>
<usedAttributes>
<attributeRef>19E98ED2-08B5-BAF2-3EF3-56FC098F06C3</attributeRef>
</usedAttributes>
</identifier>
</identifiers>
</Entity>