<?xml version = '1.0' encoding = 'UTF-8'?>
<Entity class="oracle.dbtools.crest.model.design.logical.Entity" directorySegmentName="seg_0" id="DADB9D2E-D1E8-1772-97E0-3EB784C84C77" name="MISTNOST">
<createdBy>Admin</createdBy>
<createdTime>2019-04-09 05:47:33 UTC</createdTime>
<ownerDesignName>semestral</ownerDesignName>
<engineerTo>
<item key="DFFF773F-1AB5-9727-E8DA-2A38629659B0" value="true"/>
</engineerTo>
<adequatelyNormalized>NO</adequatelyNormalized>
<expectedVolumes>0</expectedVolumes>
<fwdEngineeringStrategyName>Single Table</fwdEngineeringStrategyName>
<growthPercent>0</growthPercent>
<growthType>Year</growthType>
<maxVolumes>9999999</maxVolumes>
<minVolumes>0</minVolumes>
<normalForm>Third</normalForm>
<attributes itemClass="oracle.dbtools.crest.model.design.logical.Attribute">
<Attribute name="mistnost_key" id="89FFFFCD-CDE0-74A7-D9C9-3BADD2D9EC72">
<createdBy>Admin</createdBy>
<createdTime>2019-04-09 05:48:08 UTC</createdTime>
<ownerDesignName>semestral</ownerDesignName>
<engineerTo>
<item key="DFFF773F-1AB5-9727-E8DA-2A38629659B0" value="true"/>
</engineerTo>
<use>0</use>
<ownDataTypeParameters>,,</ownDataTypeParameters>
</Attribute>
<Attribute name="oznaceni" id="CD30B6B2-D711-B5A9-C6BB-4F48B22FF39E">
<createdBy>Admin</createdBy>
<createdTime>2019-04-09 05:48:22 UTC</createdTime>
<ownerDesignName>semestral</ownerDesignName>
<engineerTo>
<item key="DFFF773F-1AB5-9727-E8DA-2A38629659B0" value="true"/>
</engineerTo>
<use>0</use>
<ownDataTypeParameters>,,</ownDataTypeParameters>
</Attribute>
<Attribute name="oddeleni_key" id="498DA891-A4FB-AEE5-4ABF-16DE077F6A35">
<createdBy>Admin</createdBy>
<createdTime>2019-04-09 05:51:37 UTC</createdTime>
<generatorID>593851A7-F92C-8892-DDBE-813323AEFB59</generatorID>
<ownerDesignName>semestral</ownerDesignName>
<engineerTo>
<item key="DFFF773F-1AB5-9727-E8DA-2A38629659B0" value="true"/>
</engineerTo>
<referedAttribute>3C791489-641F-607D-9006-7FB3988D17AA</referedAttribute>
<use>0</use>
<ownDataTypeParameters>,,</ownDataTypeParameters>
</Attribute>
</attributes>
<identifiers itemClass="oracle.dbtools.crest.model.design.logical.CandidateKey">
<identifier id="7DCD10B3-071A-89E0-FD4C-78A021A4FC94" name="MISTNOST PK">
<createdBy>Admin</createdBy>
<createdTime>2019-04-09 05:48:17 UTC</createdTime>
<ownerDesignName>semestral</ownerDesignName>
<engineerTo>
<item key="DFFF773F-1AB5-9727-E8DA-2A38629659B0" value="true"/>
</engineerTo>
<pk>true</pk>
<usedAttributes>
<attributeRef>89FFFFCD-CDE0-74A7-D9C9-3BADD2D9EC72</attributeRef>
</usedAttributes>
</identifier>
<identifier id="0F2E694C-3429-D0B5-570D-B57739E0BF5D" name="oznaceni">
<createdBy>Admin</createdBy>
<createdTime>2019-04-09 05:48:50 UTC</createdTime>
<ownerDesignName>semestral</ownerDesignName>
<engineerTo>
<item key="DFFF773F-1AB5-9727-E8DA-2A38629659B0" value="true"/>
</engineerTo>
<newElementsIDs>CD30B6B2-D711-B5A9-C6BB-4F48B22FF39E</newElementsIDs>
<usedAttributes>
<attributeRef>CD30B6B2-D711-B5A9-C6BB-4F48B22FF39E</attributeRef>
</usedAttributes>
</identifier>
</identifiers>
</Entity>