<?xml version = '1.0' encoding = 'UTF-8'?>
<Entity class="oracle.dbtools.crest.model.design.logical.Entity" directorySegmentName="seg_0" id="DE427E83-1D08-6CED-C0B5-8F4E43603BC7" name="KNIHA">
<createdBy>Admin</createdBy>
<createdTime>2019-04-09 07:06:22 UTC</createdTime>
<ownerDesignName>semestral</ownerDesignName>
<engineerTo>
<item key="DFFF773F-1AB5-9727-E8DA-2A38629659B0" value="true"/>
</engineerTo>
<adequatelyNormalized>NO</adequatelyNormalized>
<expectedVolumes>0</expectedVolumes>
<fwdEngineeringStrategyName>Single Table</fwdEngineeringStrategyName>
<growthPercent>0</growthPercent>
<growthType>Year</growthType>
<maxVolumes>9999999</maxVolumes>
<minVolumes>0</minVolumes>
<normalForm>Third</normalForm>
<attributes itemClass="oracle.dbtools.crest.model.design.logical.Attribute">
<Attribute name="kniha_key" id="8C39987A-1C8F-87E8-8FAD-2F90C289B7AE">
<createdBy>Admin</createdBy>
<createdTime>2019-04-09 07:06:32 UTC</createdTime>
<ownerDesignName>semestral</ownerDesignName>
<engineerTo>
<item key="DFFF773F-1AB5-9727-E8DA-2A38629659B0" value="true"/>
</engineerTo>
<use>0</use>
<ownDataTypeParameters>,,</ownDataTypeParameters>
</Attribute>
<Attribute name="kod" id="EC4698DB-2CFD-36ED-C85E-4D9F76D3C2B4">
<createdBy>Admin</createdBy>
<createdTime>2019-04-09 07:06:41 UTC</createdTime>
<ownerDesignName>semestral</ownerDesignName>
<engineerTo>
<item key="DFFF773F-1AB5-9727-E8DA-2A38629659B0" value="true"/>
</engineerTo>
<nullsAllowed>true</nullsAllowed>
<use>0</use>
<ownDataTypeParameters>,,</ownDataTypeParameters>
</Attribute>
<Attribute name="jmeno" id="F47DD1BE-2BEC-815B-299F-E00AFC9DF08B">
<createdBy>Admin</createdBy>
<createdTime>2019-04-09 07:08:17 UTC</createdTime>
<ownerDesignName>semestral</ownerDesignName>
<engineerTo>
<item key="DFFF773F-1AB5-9727-E8DA-2A38629659B0" value="true"/>
</engineerTo>
<use>0</use>
<ownDataTypeParameters>,,</ownDataTypeParameters>
</Attribute>
<Attribute name="autor" id="1D4E2F5D-479F-2524-F5B2-0F8F03FB2894">
<createdBy>Admin</createdBy>
<createdTime>2019-04-09 07:08:25 UTC</createdTime>
<ownerDesignName>semestral</ownerDesignName>
<engineerTo>
<item key="DFFF773F-1AB5-9727-E8DA-2A38629659B0" value="true"/>
</engineerTo>
<use>0</use>
<ownDataTypeParameters>,,</ownDataTypeParameters>
</Attribute>
<Attribute name="zanr" id="53CF1B2C-7500-A6CE-0B1D-AB9B7C23EFF5">
<createdBy>Admin</createdBy>
<createdTime>2019-04-09 07:08:51 UTC</createdTime>
<ownerDesignName>semestral</ownerDesignName>
<engineerTo>
<item key="DFFF773F-1AB5-9727-E8DA-2A38629659B0" value="true"/>
</engineerTo>
<use>0</use>
<ownDataTypeParameters>,,</ownDataTypeParameters>
</Attribute>
<Attribute name="zamestnanec_key" id="E6499608-1066-669D-6E0B-3567C53CC0DA">
<createdBy>Admin</createdBy>
<createdTime>2019-04-09 07:10:14 UTC</createdTime>
<generatorID>41B41994-907E-F181-70BD-51A690AA42F0</generatorID>
<ownerDesignName>semestral</ownerDesignName>
<engineerTo>
<item key="DFFF773F-1AB5-9727-E8DA-2A38629659B0" value="true"/>
</engineerTo>
<referedAttribute>A58EC0DA-E2CA-9D7F-CFA5-A5025182A9A7</referedAttribute>
<use>0</use>
<ownDataTypeParameters>,,</ownDataTypeParameters>
</Attribute>
<Attribute name="pacient_key" id="370CB95B-A2A2-8DD2-7B94-C2DB8E7F30BF">
<createdBy>Admin</createdBy>
<createdTime>2019-04-09 07:12:53 UTC</createdTime>
<generatorID>A3AD0B92-3047-99A9-37B8-F7F248122E3F</generatorID>
<ownerDesignName>semestral</ownerDesignName>
<engineerTo>
<item key="DFFF773F-1AB5-9727-E8DA-2A38629659B0" value="true"/>
</engineerTo>
<referedAttribute>18078984-D965-584D-18FF-E93E5400CF72</referedAttribute>
<use>0</use>
<ownDataTypeParameters>,,</ownDataTypeParameters>
</Attribute>
</attributes>
<identifiers itemClass="oracle.dbtools.crest.model.design.logical.CandidateKey">
<identifier id="9B6FD1A6-D0BD-D17C-5DEA-F2862A5C6EBC" name="KNIHA PK">
<createdBy>Admin</createdBy>
<createdTime>2019-04-09 07:06:38 UTC</createdTime>
<ownerDesignName>semestral</ownerDesignName>
<engineerTo>
<item key="DFFF773F-1AB5-9727-E8DA-2A38629659B0" value="true"/>
</engineerTo>
<pk>true</pk>
<usedAttributes>
<attributeRef>8C39987A-1C8F-87E8-8FAD-2F90C289B7AE</attributeRef>
</usedAttributes>
</identifier>
<identifier id="0D9C6701-F4EB-8C0D-1A72-2734AF28C1C6" name="kod">
<createdBy>Admin</createdBy>
<createdTime>2019-04-09 07:06:47 UTC</createdTime>
<ownerDesignName>semestral</ownerDesignName>
<engineerTo>
<item key="DFFF773F-1AB5-9727-E8DA-2A38629659B0" value="true"/>
</engineerTo>
<newElementsIDs>EC4698DB-2CFD-36ED-C85E-4D9F76D3C2B4</newElementsIDs>
<usedAttributes>
<attributeRef>EC4698DB-2CFD-36ED-C85E-4D9F76D3C2B4</attributeRef>
</usedAttributes>
</identifier>
</identifiers>
</Entity>