<?xml version = '1.0' encoding = 'UTF-8'?>
<Entity class="oracle.dbtools.crest.model.design.logical.Entity" directorySegmentName="seg_0" id="DE76DE16-4723-BDF4-4CEE-0F824392A415" name="ZDRAVOTNIK">
<createdBy>Admin</createdBy>
<createdTime>2019-04-08 20:50:09 UTC</createdTime>
<ownerDesignName>semestral</ownerDesignName>
<engineerTo>
<item key="DFFF773F-1AB5-9727-E8DA-2A38629659B0" value="true"/>
</engineerTo>
<adequatelyNormalized>NO</adequatelyNormalized>
<expectedVolumes>0</expectedVolumes>
<fwdEngineeringStrategyName>Single Table</fwdEngineeringStrategyName>
<growthPercent>0</growthPercent>
<growthType>Year</growthType>
<maxVolumes>9999999</maxVolumes>
<minVolumes>0</minVolumes>
<normalForm>Third</normalForm>
<attributes itemClass="oracle.dbtools.crest.model.design.logical.Attribute">
<Attribute name="specializace" id="D1FFE90A-435C-168F-09AE-4A07A715CC90">
<createdBy>Admin</createdBy>
<createdTime>2019-04-08 20:50:19 UTC</createdTime>
<ownerDesignName>semestral</ownerDesignName>
<engineerTo>
<item key="DFFF773F-1AB5-9727-E8DA-2A38629659B0" value="true"/>
</engineerTo>
<use>0</use>
<ownDataTypeParameters>,,</ownDataTypeParameters>
</Attribute>
<Attribute name="praxe" id="E4C66DF4-A216-03D4-2AAA-41DFA95CF6D9">
<createdBy>Admin</createdBy>
<createdTime>2019-04-08 20:50:43 UTC</createdTime>
<ownerDesignName>semestral</ownerDesignName>
<engineerTo>
<item key="DFFF773F-1AB5-9727-E8DA-2A38629659B0" value="true"/>
</engineerTo>
<use>0</use>
<ownDataTypeParameters>,,</ownDataTypeParameters>
</Attribute>
<Attribute name="resurrect_count" id="403288A4-78E4-0DFE-C20F-3450DB6206A5">
<createdBy>Admin</createdBy>
<createdTime>2019-04-08 20:51:10 UTC</createdTime>
<ownerDesignName>semestral</ownerDesignName>
<engineerTo>
<item key="DFFF773F-1AB5-9727-E8DA-2A38629659B0" value="true"/>
</engineerTo>
<use>0</use>
<ownDataTypeParameters>,,</ownDataTypeParameters>
</Attribute>
<Attribute name="death_count" id="D61439B9-23CF-448F-6AB9-14AFF9857438">
<createdBy>Admin</createdBy>
<createdTime>2019-04-08 20:51:00 UTC</createdTime>
<ownerDesignName>semestral</ownerDesignName>
<engineerTo>
<item key="DFFF773F-1AB5-9727-E8DA-2A38629659B0" value="true"/>
</engineerTo>
<use>0</use>
<ownDataTypeParameters>,,</ownDataTypeParameters>
</Attribute>
<Attribute name="zamestnanec_key" id="E7F8E9D0-3ECD-D709-C4F1-DE3F6DF2033E">
<createdBy>Admin</createdBy>
<createdTime>2019-04-08 20:52:07 UTC</createdTime>
<generatorID>11546BB4-CCB9-392A-34FA-F1BF82422950</generatorID>
<ownerDesignName>semestral</ownerDesignName>
<engineerTo>
<item key="DFFF773F-1AB5-9727-E8DA-2A38629659B0" value="true"/>
</engineerTo>
<referedAttribute>A58EC0DA-E2CA-9D7F-CFA5-A5025182A9A7</referedAttribute>
<use>0</use>
<ownDataTypeParameters>,,</ownDataTypeParameters>
</Attribute>
<Attribute name="NULL SET GENERATED_21" directorySegmentName="seg_0" id="63967E08-9962-E281-FCCF-72C792EA8E18">
<createdBy>Admin</createdBy>
<createdTime>2019-04-08 20:53:24 UTC</createdTime>
<ownerDesignName>semestral</ownerDesignName>
<engineerTo>
<item key="DFFF773F-1AB5-9727-E8DA-2A38629659B0" value="true"/>
</engineerTo>
<use>0</use>
<ownDataTypeParameters>,,</ownDataTypeParameters>
</Attribute>
<Attribute name="medikament_key" id="32E76EA2-6C3A-DA51-AAF2-5C2962A09077">
<createdBy>Admin</createdBy>
<createdTime>2019-04-08 22:04:34 UTC</createdTime>
<generatorID>8CA41955-6A02-8FF4-1C2F-6602B699E648</generatorID>
<ownerDesignName>semestral</ownerDesignName>
<engineerTo>
<item key="DFFF773F-1AB5-9727-E8DA-2A38629659B0" value="true"/>
</engineerTo>
<nullsAllowed>true</nullsAllowed>
<referedAttribute>33353B33-E85E-2F5C-B1E6-4E728762B5C5</referedAttribute>
<use>0</use>
<ownDataTypeParameters>,,</ownDataTypeParameters>
</Attribute>
<Attribute name="mistnost_key" id="24194263-AB8C-C039-B423-6DC0F372934D">
<createdBy>Admin</createdBy>
<createdTime>2019-04-09 06:10:36 UTC</createdTime>
<generatorID>7DD20DC2-FFD6-7EE8-A016-3143838B616B</generatorID>
<ownerDesignName>semestral</ownerDesignName>
<engineerTo>
<item key="DFFF773F-1AB5-9727-E8DA-2A38629659B0" value="true"/>
</engineerTo>
<nullsAllowed>true</nullsAllowed>
<referedAttribute>88ACF1DE-826D-7386-DCAB-B0CD44636A34</referedAttribute>
<use>0</use>
<ownDataTypeParameters>,,</ownDataTypeParameters>
</Attribute>
<Attribute name="mistnost_key1" id="E2A58E73-FB97-E15B-FBE9-AAE4BC61F73E">
<createdBy>Admin</createdBy>
<createdTime>2019-04-09 06:18:05 UTC</createdTime>
<generatorID>D96FD986-ED07-2477-B676-C80521A62F5C</generatorID>
<ownerDesignName>semestral</ownerDesignName>
<engineerTo>
<item key="DFFF773F-1AB5-9727-E8DA-2A38629659B0" value="true"/>
</engineerTo>
<nullsAllowed>true</nullsAllowed>
<referedAttribute>64EC1A38-89D1-80B0-7CE0-1A6B5E7D7AF3</referedAttribute>
<use>0</use>
<ownDataTypeParameters>,,</ownDataTypeParameters>
</Attribute>
<Attribute name="pocitac_key" id="FDA40D47-600A-23A9-5576-DC3BF2595996">
<createdBy>Admin</createdBy>
<createdTime>2019-04-09 06:46:52 UTC</createdTime>
<generatorID>7DD20DC2-FFD6-7EE8-A016-3143838B616B</generatorID>
<ownerDesignName>semestral</ownerDesignName>
<engineerTo>
<item key="DFFF773F-1AB5-9727-E8DA-2A38629659B0" value="true"/>
</engineerTo>
<nullsAllowed>true</nullsAllowed>
<referedAttribute>B6ECE99E-6824-5F51-3EAC-5021931801FE</referedAttribute>
<use>0</use>
<ownDataTypeParameters>,,</ownDataTypeParameters>
</Attribute>
</attributes>
<identifiers itemClass="oracle.dbtools.crest.model.design.logical.CandidateKey">
<identifier id="79F92C29-2A5E-2A29-5491-0CB94FF3167A" name="ZDRAVOTNIK PK">
<createdBy>Admin</createdBy>
<createdTime>2019-04-08 20:52:46 UTC</createdTime>
<ownerDesignName>semestral</ownerDesignName>
<engineerTo>
<item key="DFFF773F-1AB5-9727-E8DA-2A38629659B0" value="true"/>
</engineerTo>
<pk>true</pk>
<usedAttributes>
<attributeRef>E7F8E9D0-3ECD-D709-C4F1-DE3F6DF2033E</attributeRef>
</usedAttributes>
</identifier>
</identifiers>
</Entity>