<?xml version = '1.0' encoding = 'UTF-8'?>
<Entity class="oracle.dbtools.crest.model.design.logical.Entity" directorySegmentName="seg_0" id="E7C3937A-4AC7-A038-0785-665B7E841385" name="MEDIKAMENT">
<createdBy>Admin</createdBy>
<createdTime>2019-04-08 22:00:12 UTC</createdTime>
<ownerDesignName>semestral</ownerDesignName>
<engineerTo>
<item key="DFFF773F-1AB5-9727-E8DA-2A38629659B0" value="true"/>
</engineerTo>
<adequatelyNormalized>NO</adequatelyNormalized>
<expectedVolumes>0</expectedVolumes>
<fwdEngineeringStrategyName>Single Table</fwdEngineeringStrategyName>
<growthPercent>0</growthPercent>
<growthType>Year</growthType>
<maxVolumes>9999999</maxVolumes>
<minVolumes>0</minVolumes>
<normalForm>Third</normalForm>
<attributes itemClass="oracle.dbtools.crest.model.design.logical.Attribute">
<Attribute name="medikament_key" id="33353B33-E85E-2F5C-B1E6-4E728762B5C5">
<createdBy>Admin</createdBy>
<createdTime>2019-04-08 22:00:24 UTC</createdTime>
<ownerDesignName>semestral</ownerDesignName>
<engineerTo>
<item key="DFFF773F-1AB5-9727-E8DA-2A38629659B0" value="true"/>
</engineerTo>
<use>0</use>
<ownDataTypeParameters>,,</ownDataTypeParameters>
</Attribute>
<Attribute name="jmeno" id="63C7BE85-A72B-633B-89FF-F859761329BD">
<createdBy>Admin</createdBy>
<createdTime>2019-04-08 22:00:44 UTC</createdTime>
<ownerDesignName>semestral</ownerDesignName>
<engineerTo>
<item key="DFFF773F-1AB5-9727-E8DA-2A38629659B0" value="true"/>
</engineerTo>
<use>0</use>
<ownDataTypeParameters>,,</ownDataTypeParameters>
</Attribute>
<Attribute name="skupina" id="E57CEA0E-04A3-E828-EE42-E1FE91CB2EEC">
<createdBy>Admin</createdBy>
<createdTime>2019-04-08 22:02:11 UTC</createdTime>
<ownerDesignName>semestral</ownerDesignName>
<engineerTo>
<item key="DFFF773F-1AB5-9727-E8DA-2A38629659B0" value="true"/>
</engineerTo>
<use>0</use>
<ownDataTypeParameters>,,</ownDataTypeParameters>
</Attribute>
<Attribute name="sila" id="ACB5AB1A-A696-7039-1051-84021BB3B96F">
<createdBy>Admin</createdBy>
<createdTime>2019-04-08 22:02:21 UTC</createdTime>
<ownerDesignName>semestral</ownerDesignName>
<engineerTo>
<item key="DFFF773F-1AB5-9727-E8DA-2A38629659B0" value="true"/>
</engineerTo>
<use>0</use>
<ownDataTypeParameters>,,</ownDataTypeParameters>
</Attribute>
<Attribute name="dostupnost" id="4D6910FB-E314-6219-A6FE-1FDCE0E60DBA">
<createdBy>Admin</createdBy>
<createdTime>2019-04-08 22:01:34 UTC</createdTime>
<ownerDesignName>semestral</ownerDesignName>
<engineerTo>
<item key="DFFF773F-1AB5-9727-E8DA-2A38629659B0" value="true"/>
</engineerTo>
<use>0</use>
<ownDataTypeParameters>,,</ownDataTypeParameters>
</Attribute>
<Attribute name="poznamka" id="D5E86779-0559-18EB-B6CB-E996C77DE2F6">
<createdBy>Admin</createdBy>
<createdTime>2019-04-08 22:02:50 UTC</createdTime>
<ownerDesignName>semestral</ownerDesignName>
<engineerTo>
<item key="DFFF773F-1AB5-9727-E8DA-2A38629659B0" value="true"/>
</engineerTo>
<nullsAllowed>true</nullsAllowed>
<use>0</use>
<ownDataTypeParameters>,,</ownDataTypeParameters>
</Attribute>
</attributes>
<identifiers itemClass="oracle.dbtools.crest.model.design.logical.CandidateKey">
<identifier id="98D9286A-BD7B-91F8-FC45-6AD40F61BCB1" name="MEDIKAMENT PK">
<createdBy>Admin</createdBy>
<createdTime>2019-04-08 22:00:36 UTC</createdTime>
<ownerDesignName>semestral</ownerDesignName>
<engineerTo>
<item key="DFFF773F-1AB5-9727-E8DA-2A38629659B0" value="true"/>
</engineerTo>
<pk>true</pk>
<usedAttributes>
<attributeRef>33353B33-E85E-2F5C-B1E6-4E728762B5C5</attributeRef>
</usedAttributes>
</identifier>
<identifier id="9C1E43F0-C51D-4E6B-0D5C-445584902DF4" name="jmeno">
<createdBy>Admin</createdBy>
<createdTime>2019-04-08 22:01:01 UTC</createdTime>
<ownerDesignName>semestral</ownerDesignName>
<engineerTo>
<item key="DFFF773F-1AB5-9727-E8DA-2A38629659B0" value="true"/>
</engineerTo>
<newElementsIDs>63C7BE85-A72B-633B-89FF-F859761329BD</newElementsIDs>
<usedAttributes>
<attributeRef>63C7BE85-A72B-633B-89FF-F859761329BD</attributeRef>
</usedAttributes>
</identifier>
</identifiers>
</Entity>