<?xml version = '1.0' encoding = 'UTF-8'?>
<Entity class="oracle.dbtools.crest.model.design.logical.Entity" directorySegmentName="seg_0" id="FC3F70C5-140F-27E0-108F-731BDBA2CF62" name="DIETA">
<createdBy>Admin</createdBy>
<createdTime>2019-04-08 23:49:13 UTC</createdTime>
<ownerDesignName>semestral</ownerDesignName>
<engineerTo>
<item key="DFFF773F-1AB5-9727-E8DA-2A38629659B0" value="true"/>
</engineerTo>
<adequatelyNormalized>NO</adequatelyNormalized>
<expectedVolumes>0</expectedVolumes>
<fwdEngineeringStrategyName>Single Table</fwdEngineeringStrategyName>
<growthPercent>0</growthPercent>
<growthType>Year</growthType>
<maxVolumes>9999999</maxVolumes>
<minVolumes>0</minVolumes>
<normalForm>Third</normalForm>
<attributes itemClass="oracle.dbtools.crest.model.design.logical.Attribute">
<Attribute name="dieta_key" id="24EF7912-D065-DEFA-9090-BB26B2571CD3">
<createdBy>Admin</createdBy>
<createdTime>2019-04-08 23:49:32 UTC</createdTime>
<ownerDesignName>semestral</ownerDesignName>
<engineerTo>
<item key="DFFF773F-1AB5-9727-E8DA-2A38629659B0" value="true"/>
</engineerTo>
<use>0</use>
<ownDataTypeParameters>,,</ownDataTypeParameters>
</Attribute>
<Attribute name="cislo" id="F61BD486-7F0C-6401-1EAA-878362C65D85">
<createdBy>Admin</createdBy>
<createdTime>2019-04-08 23:49:44 UTC</createdTime>
<ownerDesignName>semestral</ownerDesignName>
<engineerTo>
<item key="DFFF773F-1AB5-9727-E8DA-2A38629659B0" value="true"/>
</engineerTo>
<use>0</use>
<ownDataTypeParameters>,,</ownDataTypeParameters>
</Attribute>
<Attribute name="poznamka" id="B5CCC9B0-C6B3-0486-86E5-FDCCD0A78197">
<createdBy>Admin</createdBy>
<createdTime>2019-04-08 23:50:40 UTC</createdTime>
<ownerDesignName>semestral</ownerDesignName>
<engineerTo>
<item key="DFFF773F-1AB5-9727-E8DA-2A38629659B0" value="true"/>
</engineerTo>
<nullsAllowed>true</nullsAllowed>
<use>0</use>
<ownDataTypeParameters>,,</ownDataTypeParameters>
</Attribute>
</attributes>
<identifiers itemClass="oracle.dbtools.crest.model.design.logical.CandidateKey">
<identifier id="E65950CC-6BA1-A18B-F099-FEA5F0472AA5" name="DIETA PK">
<createdBy>Admin</createdBy>
<createdTime>2019-04-08 23:49:38 UTC</createdTime>
<ownerDesignName>semestral</ownerDesignName>
<engineerTo>
<item key="DFFF773F-1AB5-9727-E8DA-2A38629659B0" value="true"/>
</engineerTo>
<pk>true</pk>
<usedAttributes>
<attributeRef>24EF7912-D065-DEFA-9090-BB26B2571CD3</attributeRef>
</usedAttributes>
</identifier>
<identifier id="8B2C26D2-8F80-B94B-E9A5-8D81D1B5115B" name="cislo">
<createdBy>Admin</createdBy>
<createdTime>2019-04-08 23:49:53 UTC</createdTime>
<ownerDesignName>semestral</ownerDesignName>
<engineerTo>
<item key="DFFF773F-1AB5-9727-E8DA-2A38629659B0" value="true"/>
</engineerTo>
<newElementsIDs>F61BD486-7F0C-6401-1EAA-878362C65D85</newElementsIDs>
<usedAttributes>
<attributeRef>F61BD486-7F0C-6401-1EAA-878362C65D85</attributeRef>
</usedAttributes>
</identifier>
</identifiers>
</Entity>