<?xml version = '1.0' encoding = 'UTF-8'?>
<Entity class="oracle.dbtools.crest.model.design.logical.Entity" directorySegmentName="seg_0" id="FF222D75-CDED-A54C-05CD-50101C186A9D" name="LECBA">
<createdBy>Admin</createdBy>
<createdTime>2019-04-08 22:15:57 UTC</createdTime>
<ownerDesignName>semestral</ownerDesignName>
<engineerTo>
<item key="DFFF773F-1AB5-9727-E8DA-2A38629659B0" value="true"/>
</engineerTo>
<adequatelyNormalized>NO</adequatelyNormalized>
<expectedVolumes>0</expectedVolumes>
<fwdEngineeringStrategyName>Single Table</fwdEngineeringStrategyName>
<growthPercent>0</growthPercent>
<growthType>Year</growthType>
<maxVolumes>9999999</maxVolumes>
<minVolumes>0</minVolumes>
<normalForm>Third</normalForm>
<attributes itemClass="oracle.dbtools.crest.model.design.logical.Attribute">
<Attribute name="lecba_key" id="5958F648-47EF-07AD-FCB3-89020D3E94B4">
<createdBy>Admin</createdBy>
<createdTime>2019-04-08 22:16:11 UTC</createdTime>
<ownerDesignName>semestral</ownerDesignName>
<engineerTo>
<item key="DFFF773F-1AB5-9727-E8DA-2A38629659B0" value="true"/>
</engineerTo>
<use>0</use>
<ownDataTypeParameters>,,</ownDataTypeParameters>
</Attribute>
<Attribute name="nazev" id="417B9FAB-FE16-F840-DF52-76DD60006A2C">
<createdBy>Admin</createdBy>
<createdTime>2019-04-08 23:11:42 UTC</createdTime>
<ownerDesignName>semestral</ownerDesignName>
<engineerTo>
<item key="DFFF773F-1AB5-9727-E8DA-2A38629659B0" value="true"/>
</engineerTo>
<use>0</use>
<ownDataTypeParameters>,,</ownDataTypeParameters>
</Attribute>
<Attribute name="datum_realizace" id="1B62B760-39A6-C154-84A4-36E551E2366D">
<createdBy>Admin</createdBy>
<createdTime>2019-04-08 22:16:25 UTC</createdTime>
<ownerDesignName>semestral</ownerDesignName>
<engineerTo>
<item key="DFFF773F-1AB5-9727-E8DA-2A38629659B0" value="true"/>
</engineerTo>
<use>0</use>
<ownDataTypeParameters>,,</ownDataTypeParameters>
</Attribute>
<Attribute name="kapacita" id="A1823314-70EE-DC08-0ACE-6F4593CFF050">
<createdBy>Admin</createdBy>
<createdTime>2019-04-08 22:16:47 UTC</createdTime>
<ownerDesignName>semestral</ownerDesignName>
<engineerTo>
<item key="DFFF773F-1AB5-9727-E8DA-2A38629659B0" value="true"/>
</engineerTo>
<use>0</use>
<ownDataTypeParameters>,,</ownDataTypeParameters>
</Attribute>
<Attribute name="poznamka" id="7C04F157-652B-6666-EDD8-96E008C7943B">
<createdBy>Admin</createdBy>
<createdTime>2019-04-08 22:17:06 UTC</createdTime>
<ownerDesignName>semestral</ownerDesignName>
<engineerTo>
<item key="DFFF773F-1AB5-9727-E8DA-2A38629659B0" value="true"/>
</engineerTo>
<nullsAllowed>true</nullsAllowed>
<use>0</use>
<ownDataTypeParameters>,,</ownDataTypeParameters>
</Attribute>
<Attribute name="zamestnanec_key" id="554ABD04-ED08-366D-FF17-29EC497FCAFF">
<createdBy>Admin</createdBy>
<createdTime>2019-04-08 23:40:01 UTC</createdTime>
<generatorID>AD517376-159B-6EC0-4660-7C89591ED89B</generatorID>
<ownerDesignName>semestral</ownerDesignName>
<engineerTo>
<item key="DFFF773F-1AB5-9727-E8DA-2A38629659B0" value="true"/>
</engineerTo>
<referedAttribute>E7F8E9D0-3ECD-D709-C4F1-DE3F6DF2033E</referedAttribute>
<use>0</use>
<ownDataTypeParameters>,,</ownDataTypeParameters>
</Attribute>
<Attribute name="mistnost_key" id="3AA2073B-8BB1-12E8-D93F-BF3E3A5E5941">
<createdBy>Admin</createdBy>
<createdTime>2019-04-09 06:21:06 UTC</createdTime>
<generatorID>A142EA0D-5E76-17F8-89C6-74DA27ED4C9A</generatorID>
<ownerDesignName>semestral</ownerDesignName>
<engineerTo>
<item key="DFFF773F-1AB5-9727-E8DA-2A38629659B0" value="true"/>
</engineerTo>
<nullsAllowed>true</nullsAllowed>
<referedAttribute>64EC1A38-89D1-80B0-7CE0-1A6B5E7D7AF3</referedAttribute>
<use>0</use>
<ownDataTypeParameters>,,</ownDataTypeParameters>
</Attribute>
</attributes>
<identifiers itemClass="oracle.dbtools.crest.model.design.logical.CandidateKey">
<identifier id="F1FD1ACD-DB7F-86DE-E547-BF53AB60AFDE" name="LECBA PK">
<createdBy>Admin</createdBy>
<createdTime>2019-04-08 22:16:17 UTC</createdTime>
<ownerDesignName>semestral</ownerDesignName>
<engineerTo>
<item key="DFFF773F-1AB5-9727-E8DA-2A38629659B0" value="true"/>
</engineerTo>
<pk>true</pk>
<usedAttributes>
<attributeRef>5958F648-47EF-07AD-FCB3-89020D3E94B4</attributeRef>
</usedAttributes>
</identifier>
</identifiers>
</Entity>