<?xml version = '1.0' encoding = 'UTF-8'?>
<Relation class="oracle.dbtools.crest.model.design.logical.Relation" name="Relation_2" directorySegmentName="seg_0" id="05F01C9C-F8D5-7383-BC46-7B5CC7CB6921">
<createdBy>Admin</createdBy>
<createdTime>2019-04-08 20:58:04 UTC</createdTime>
<ownerDesignName>semestral</ownerDesignName>
<engineerTo>
<item key="DFFF773F-1AB5-9727-E8DA-2A38629659B0" value="true"/>
</engineerTo>
<sourcePk>E56FFCD0-22EA-51A4-47E9-54FE8213F552</sourcePk>
<arc>D8D27B23-F8FD-BD39-080C-BCAC75558E7A</arc>
<dominantRole>0EBF32F8-6440-7B37-5414-6FF5C46CDE99</dominantRole>
<identifying>true</identifying>
<nameOnSource>je</nameOnSource>
<optionalSource>false</optionalSource>
<optionalTarget>false</optionalTarget>
<sourceCardinality>1</sourceCardinality>
<sourceEntity>0EBF32F8-6440-7B37-5414-6FF5C46CDE99</sourceEntity>
<targetCardinalityString>1</targetCardinalityString>
<targetEntity>CB296233-FA56-8B1E-7220-C20D0ED750FD</targetEntity>
<transferable>true</transferable>
<deleteRule>NO ACTION</deleteRule>
</Relation>