<?xml version = '1.0' encoding = 'UTF-8'?>
<Relation class="oracle.dbtools.crest.model.design.logical.Relation" name="Relation_28" directorySegmentName="seg_0" id="0CF03E19-41DD-82D0-D65E-BFCDD0328138">
<createdBy>Admin</createdBy>
<createdTime>2019-04-09 06:46:30 UTC</createdTime>
<ownerDesignName>semestral</ownerDesignName>
<engineerTo>
<item key="DFFF773F-1AB5-9727-E8DA-2A38629659B0" value="true"/>
</engineerTo>
<sourcePk>BB3C5716-AC6E-B3FC-AAFF-9566CC9AE897</sourcePk>
<targetPk>091F282F-8804-231B-705F-0383C684AC58</targetPk>
<identifying>false</identifying>
<nameOnSource>je v</nameOnSource>
<optionalSource>true</optionalSource>
<optionalTarget>true</optionalTarget>
<sourceCardinality>*</sourceCardinality>
<sourceEntity>CBFE57A3-765E-FF18-A7C1-611891C7F363</sourceEntity>
<targetCardinalityString>1</targetCardinalityString>
<targetEntity>3F4380BC-BE28-6A1E-A1F5-DD57CD506575</targetEntity>
<transferable>true</transferable>
<deleteRule>NO ACTION</deleteRule>
</Relation>