<?xml version = '1.0' encoding = 'UTF-8'?>
<Relation class="oracle.dbtools.crest.model.design.logical.Relation" name="Relation_24" directorySegmentName="seg_0" id="10EE3768-B93C-362A-BE1D-2A0F621D9B59">
<createdBy>Admin</createdBy>
<createdTime>2019-04-09 06:23:19 UTC</createdTime>
<ownerDesignName>semestral</ownerDesignName>
<engineerTo>
<item key="DFFF773F-1AB5-9727-E8DA-2A38629659B0" value="true"/>
</engineerTo>
<sourcePk>A3EEFA4F-A897-69FC-137B-ECB234D8DFE0</sourcePk>
<targetPk>514575A8-0986-0DE5-C764-78F403A97565</targetPk>
<identifying>false</identifying>
<nameOnSource>přichází na</nameOnSource>
<optionalSource>true</optionalSource>
<optionalTarget>false</optionalTarget>
<sourceCardinality>*</sourceCardinality>
<sourceEntity>BE4EF07D-5F0A-4336-BF43-8E5A8488EE1F</sourceEntity>
<targetCardinalityString>1</targetCardinalityString>
<targetEntity>3053A601-BC39-6092-1F00-98F90A7FFB62</targetEntity>
<transferable>true</transferable>
<deleteRule>NO ACTION</deleteRule>
</Relation>