<?xml version = '1.0' encoding = 'UTF-8'?>
<Relation class="oracle.dbtools.crest.model.design.logical.Relation" name="Relation_41" directorySegmentName="seg_0" id="13FF18B4-B8CA-18C5-1F47-B6D685A02182">
<createdBy>Admin</createdBy>
<createdTime>2019-04-09 09:55:48 UTC</createdTime>
<ownerDesignName>semestral</ownerDesignName>
<engineerTo>
<item key="DFFF773F-1AB5-9727-E8DA-2A38629659B0" value="true"/>
</engineerTo>
<identifying>false</identifying>
<nameOnSource>užívá</nameOnSource>
<optionalSource>true</optionalSource>
<optionalTarget>true</optionalTarget>
<sourceCardinality>*</sourceCardinality>
<sourceEntity>462B6EE3-9566-9EA0-3885-D12078ADA5EF</sourceEntity>
<targetCardinalityString>*</targetCardinalityString>
<targetEntity>E7C3937A-4AC7-A038-0785-665B7E841385</targetEntity>
<transferable>true</transferable>
<deleteRule>NO ACTION</deleteRule>
</Relation>