<?xml version = '1.0' encoding = 'UTF-8'?>
<Relation class="oracle.dbtools.crest.model.design.logical.Relation" name="Relation_29" directorySegmentName="seg_0" id="18AE5B8A-4067-84C3-8EC5-B428F4BE1826">
<createdBy>Admin</createdBy>
<createdTime>2019-04-09 06:53:31 UTC</createdTime>
<ownerDesignName>semestral</ownerDesignName>
<engineerTo>
<item key="DFFF773F-1AB5-9727-E8DA-2A38629659B0" value="true"/>
</engineerTo>
<sourcePk>A295DC22-6E2B-A4D3-A0EB-FF5DB95F39FE</sourcePk>
<identifying>false</identifying>
<nameOnTarget>spravuje</nameOnTarget>
<optionalSource>false</optionalSource>
<optionalTarget>true</optionalTarget>
<sourceCardinality>1</sourceCardinality>
<sourceEntity>73BAD100-D724-9A84-974B-B6B1CF838636</sourceEntity>
<targetCardinalityString>*</targetCardinalityString>
<targetEntity>7D8F0443-2F03-7EB1-E0AB-92CC0852BAB2</targetEntity>
<transferable>true</transferable>
<deleteRule>NO ACTION</deleteRule>
</Relation>