<?xml version = '1.0' encoding = 'UTF-8'?>
<Relation class="oracle.dbtools.crest.model.design.logical.Relation" name="Relation_15" directorySegmentName="seg_0" id="269C1F6A-5392-76B0-D623-CF2911D523EC">
<createdBy>Admin</createdBy>
<createdTime>2019-04-08 23:53:17 UTC</createdTime>
<ownerDesignName>semestral</ownerDesignName>
<engineerTo>
<item key="DFFF773F-1AB5-9727-E8DA-2A38629659B0" value="true"/>
</engineerTo>
<sourcePk>E65950CC-6BA1-A18B-F099-FEA5F0472AA5</sourcePk>
<identifying>false</identifying>
<nameOnTarget>má</nameOnTarget>
<optionalSource>false</optionalSource>
<optionalTarget>false</optionalTarget>
<sourceCardinality>1</sourceCardinality>
<sourceEntity>FC3F70C5-140F-27E0-108F-731BDBA2CF62</sourceEntity>
<targetCardinalityString>*</targetCardinalityString>
<targetEntity>462B6EE3-9566-9EA0-3885-D12078ADA5EF</targetEntity>
<transferable>true</transferable>
<deleteRule>NO ACTION</deleteRule>
</Relation>