<?xml version = '1.0' encoding = 'UTF-8'?>
<Relation class="oracle.dbtools.crest.model.design.logical.Relation" name="Relation_16" directorySegmentName="seg_0" id="396E6BEB-6714-2B89-1FF1-A0F64534E57C">
<createdBy>Admin</createdBy>
<createdTime>2019-04-09 05:45:23 UTC</createdTime>
<ownerDesignName>semestral</ownerDesignName>
<engineerTo>
<item key="DFFF773F-1AB5-9727-E8DA-2A38629659B0" value="true"/>
</engineerTo>
<sourcePk>9C7183F8-28C9-2548-5559-EF01F1534CC8</sourcePk>
<targetPk>A295DC22-6E2B-A4D3-A0EB-FF5DB95F39FE</targetPk>
<identifying>false</identifying>
<nameOnSource>pracuje na</nameOnSource>
<optionalSource>false</optionalSource>
<optionalTarget>true</optionalTarget>
<sourceCardinality>*</sourceCardinality>
<sourceEntity>CB296233-FA56-8B1E-7220-C20D0ED750FD</sourceEntity>
<targetCardinalityString>1</targetCardinalityString>
<targetEntity>73BAD100-D724-9A84-974B-B6B1CF838636</targetEntity>
<transferable>true</transferable>
<deleteRule>NO ACTION</deleteRule>
</Relation>