<?xml version = '1.0' encoding = 'UTF-8'?>
<Relation class="oracle.dbtools.crest.model.design.logical.Relation" name="Relation_6" directorySegmentName="seg_0" id="3E7786BF-451F-4ACB-E19D-0422440739C9">
<createdBy>Admin</createdBy>
<createdTime>2019-04-08 21:53:39 UTC</createdTime>
<ownerDesignName>semestral</ownerDesignName>
<engineerTo>
<item key="DFFF773F-1AB5-9727-E8DA-2A38629659B0" value="true"/>
</engineerTo>
<sourcePk>A3EEFA4F-A897-69FC-137B-ECB234D8DFE0</sourcePk>
<identifying>false</identifying>
<nameOnTarget>jde na</nameOnTarget>
<optionalSource>false</optionalSource>
<optionalTarget>true</optionalTarget>
<sourceCardinality>1</sourceCardinality>
<sourceEntity>BE4EF07D-5F0A-4336-BF43-8E5A8488EE1F</sourceEntity>
<targetCardinalityString>*</targetCardinalityString>
<targetEntity>AA20C999-6428-10D2-5014-94C3BDD65846</targetEntity>
<transferable>true</transferable>
<deleteRule>NO ACTION</deleteRule>
</Relation>