<?xml version = '1.0' encoding = 'UTF-8'?>
<Relation class="oracle.dbtools.crest.model.design.logical.Relation" name="Relation_31" directorySegmentName="seg_0" id="41B41994-907E-F181-70BD-51A690AA42F0">
<createdBy>Admin</createdBy>
<createdTime>2019-04-09 07:10:14 UTC</createdTime>
<ownerDesignName>semestral</ownerDesignName>
<engineerTo>
<item key="DFFF773F-1AB5-9727-E8DA-2A38629659B0" value="true"/>
</engineerTo>
<sourcePk>E56FFCD0-22EA-51A4-47E9-54FE8213F552</sourcePk>
<identifying>false</identifying>
<nameOnSource>zapůjčil</nameOnSource>
<optionalSource>true</optionalSource>
<optionalTarget>false</optionalTarget>
<sourceCardinality>1</sourceCardinality>
<sourceEntity>0EBF32F8-6440-7B37-5414-6FF5C46CDE99</sourceEntity>
<targetCardinalityString>*</targetCardinalityString>
<targetEntity>DE427E83-1D08-6CED-C0B5-8F4E43603BC7</targetEntity>
<transferable>true</transferable>
<deleteRule>NO ACTION</deleteRule>
</Relation>