<?xml version = '1.0' encoding = 'UTF-8'?>
<Relation class="oracle.dbtools.crest.model.design.logical.Relation" name="Relation_25" directorySegmentName="seg_0" id="44A14ED6-8C8D-6656-E8E0-0A821A32F838">
<createdBy>Admin</createdBy>
<createdTime>2019-04-09 06:26:45 UTC</createdTime>
<ownerDesignName>semestral</ownerDesignName>
<engineerTo>
<item key="DFFF773F-1AB5-9727-E8DA-2A38629659B0" value="true"/>
</engineerTo>
<sourcePk>B64EFCA7-F467-6FBB-EC08-727C126DCF59</sourcePk>
<targetPk>514575A8-0986-0DE5-C764-78F403A97565</targetPk>
<identifying>false</identifying>
<nameOnSource>bydlí na</nameOnSource>
<optionalSource>true</optionalSource>
<optionalTarget>false</optionalTarget>
<sourceCardinality>*</sourceCardinality>
<sourceEntity>462B6EE3-9566-9EA0-3885-D12078ADA5EF</sourceEntity>
<targetCardinalityString>1</targetCardinalityString>
<targetEntity>3053A601-BC39-6092-1F00-98F90A7FFB62</targetEntity>
<transferable>true</transferable>
<deleteRule>NO ACTION</deleteRule>
</Relation>