<?xml version = '1.0' encoding = 'UTF-8'?>
<Relation class="oracle.dbtools.crest.model.design.logical.Relation" name="Relation_27" directorySegmentName="seg_0" id="4A1E1A8F-E189-978B-C6AD-D12F6E2B880A">
<createdBy>Admin</createdBy>
<createdTime>2019-04-09 06:45:05 UTC</createdTime>
<ownerDesignName>semestral</ownerDesignName>
<engineerTo>
<item key="DFFF773F-1AB5-9727-E8DA-2A38629659B0" value="true"/>
</engineerTo>
<sourcePk>E56FFCD0-22EA-51A4-47E9-54FE8213F552</sourcePk>
<targetPk>BB3C5716-AC6E-B3FC-AAFF-9566CC9AE897</targetPk>
<identifying>false</identifying>
<nameOnSource>užívá</nameOnSource>
<optionalSource>false</optionalSource>
<optionalTarget>true</optionalTarget>
<sourceCardinality>1</sourceCardinality>
<sourceEntity>0EBF32F8-6440-7B37-5414-6FF5C46CDE99</sourceEntity>
<targetCardinalityString>1</targetCardinalityString>
<targetEntity>CBFE57A3-765E-FF18-A7C1-611891C7F363</targetEntity>
<transferable>true</transferable>
<deleteRule>NO ACTION</deleteRule>
</Relation>