<?xml version = '1.0' encoding = 'UTF-8'?>
<Relation class="oracle.dbtools.crest.model.design.logical.Relation" name="Relation_17" directorySegmentName="seg_0" id="593851A7-F92C-8892-DDBE-813323AEFB59">
<createdBy>Admin</createdBy>
<createdTime>2019-04-09 05:51:37 UTC</createdTime>
<ownerDesignName>semestral</ownerDesignName>
<engineerTo>
<item key="DFFF773F-1AB5-9727-E8DA-2A38629659B0" value="true"/>
</engineerTo>
<sourcePk>A295DC22-6E2B-A4D3-A0EB-FF5DB95F39FE</sourcePk>
<identifying>false</identifying>
<nameOnSource>zahrnuje</nameOnSource>
<optionalSource>false</optionalSource>
<optionalTarget>false</optionalTarget>
<sourceCardinality>1</sourceCardinality>
<sourceEntity>73BAD100-D724-9A84-974B-B6B1CF838636</sourceEntity>
<targetCardinalityString>*</targetCardinalityString>
<targetEntity>DADB9D2E-D1E8-1772-97E0-3EB784C84C77</targetEntity>
<transferable>true</transferable>
<deleteRule>NO ACTION</deleteRule>
</Relation>