<?xml version = '1.0' encoding = 'UTF-8'?>
<Relation class="oracle.dbtools.crest.model.design.logical.Relation" name="Relation_21" directorySegmentName="seg_0" id="7DD20DC2-FFD6-7EE8-A016-3143838B616B">
<createdBy>Admin</createdBy>
<createdTime>2019-04-09 06:09:21 UTC</createdTime>
<ownerDesignName>semestral</ownerDesignName>
<engineerTo>
<item key="DFFF773F-1AB5-9727-E8DA-2A38629659B0" value="true"/>
</engineerTo>
<sourcePk>79F92C29-2A5E-2A29-5491-0CB94FF3167A</sourcePk>
<targetPk>091F282F-8804-231B-705F-0383C684AC58</targetPk>
<identifying>false</identifying>
<nameOnSource>pracuje v</nameOnSource>
<optionalSource>true</optionalSource>
<optionalTarget>false</optionalTarget>
<sourceCardinality>*</sourceCardinality>
<sourceEntity>DE76DE16-4723-BDF4-4CEE-0F824392A415</sourceEntity>
<targetCardinalityString>1</targetCardinalityString>
<targetEntity>3F4380BC-BE28-6A1E-A1F5-DD57CD506575</targetEntity>
<transferable>true</transferable>
<deleteRule>NO ACTION</deleteRule>
</Relation>