<?xml version = '1.0' encoding = 'UTF-8'?>
<Relation class="oracle.dbtools.crest.model.design.logical.Relation" name="Relation_10" directorySegmentName="seg_0" id="7E8C44AF-27B1-680D-A679-22F97641E253">
<createdBy>Admin</createdBy>
<createdTime>2019-04-08 23:27:32 UTC</createdTime>
<ownerDesignName>semestral</ownerDesignName>
<engineerTo>
<item key="DFFF773F-1AB5-9727-E8DA-2A38629659B0" value="true"/>
</engineerTo>
<sourcePk>F1FD1ACD-DB7F-86DE-E547-BF53AB60AFDE</sourcePk>
<arc>28C35522-9909-0E55-052A-C270B6998274</arc>
<dominantRole>FF222D75-CDED-A54C-05CD-50101C186A9D</dominantRole>
<identifying>true</identifying>
<nameOnSource>je</nameOnSource>
<optionalSource>false</optionalSource>
<optionalTarget>false</optionalTarget>
<sourceCardinality>1</sourceCardinality>
<sourceEntity>FF222D75-CDED-A54C-05CD-50101C186A9D</sourceEntity>
<targetCardinalityString>1</targetCardinalityString>
<targetEntity>64FBADDF-8932-12D7-270B-2E8F2A0CCCD9</targetEntity>
<transferable>true</transferable>
<deleteRule>NO ACTION</deleteRule>
</Relation>