<?xml version = '1.0' encoding = 'UTF-8'?>
<Relation class="oracle.dbtools.crest.model.design.logical.Relation" name="Relation_14" directorySegmentName="seg_0" id="8AC999C5-9DCB-629D-4F88-801ACED3CD2F">
<createdBy>Admin</createdBy>
<createdTime>2019-04-08 23:44:06 UTC</createdTime>
<ownerDesignName>semestral</ownerDesignName>
<engineerTo>
<item key="DFFF773F-1AB5-9727-E8DA-2A38629659B0" value="true"/>
</engineerTo>
<sourcePk>B64EFCA7-F467-6FBB-EC08-727C126DCF59</sourcePk>
<targetPk>F1FD1ACD-DB7F-86DE-E547-BF53AB60AFDE</targetPk>
<identifying>false</identifying>
<nameOnSource>podstupuje</nameOnSource>
<optionalSource>false</optionalSource>
<optionalTarget>true</optionalTarget>
<sourceCardinality>*</sourceCardinality>
<sourceEntity>462B6EE3-9566-9EA0-3885-D12078ADA5EF</sourceEntity>
<targetCardinalityString>1</targetCardinalityString>
<targetEntity>FF222D75-CDED-A54C-05CD-50101C186A9D</targetEntity>
<transferable>true</transferable>
<deleteRule>NO ACTION</deleteRule>
</Relation>