<?xml version = '1.0' encoding = 'UTF-8'?>
<Relation class="oracle.dbtools.crest.model.design.logical.Relation" name="Relation_7" directorySegmentName="seg_0" id="8CA41955-6A02-8FF4-1C2F-6602B699E648">
<createdBy>Admin</createdBy>
<createdTime>2019-04-08 22:04:34 UTC</createdTime>
<ownerDesignName>semestral</ownerDesignName>
<engineerTo>
<item key="DFFF773F-1AB5-9727-E8DA-2A38629659B0" value="true"/>
</engineerTo>
<sourcePk>98D9286A-BD7B-91F8-FC45-6AD40F61BCB1</sourcePk>
<identifying>false</identifying>
<nameOnTarget>má přístup</nameOnTarget>
<optionalSource>false</optionalSource>
<optionalTarget>true</optionalTarget>
<sourceCardinality>1</sourceCardinality>
<sourceEntity>E7C3937A-4AC7-A038-0785-665B7E841385</sourceEntity>
<targetCardinalityString>*</targetCardinalityString>
<targetEntity>DE76DE16-4723-BDF4-4CEE-0F824392A415</targetEntity>
<transferable>true</transferable>
<deleteRule>NO ACTION</deleteRule>
</Relation>