<?xml version = '1.0' encoding = 'UTF-8'?>
<Relation class="oracle.dbtools.crest.model.design.logical.Relation" name="Relation_3" directorySegmentName="seg_0" id="9EAE8770-B2F3-1797-71A0-C328A4A0BD74">
<createdBy>Admin</createdBy>
<createdTime>2019-04-08 21:25:10 UTC</createdTime>
<ownerDesignName>semestral</ownerDesignName>
<engineerTo>
<item key="DFFF773F-1AB5-9727-E8DA-2A38629659B0" value="true"/>
</engineerTo>
<identifying>false</identifying>
<nameOnSource>ošetřuje</nameOnSource>
<nameOnTarget>je ošetřován</nameOnTarget>
<optionalSource>true</optionalSource>
<optionalTarget>false</optionalTarget>
<sourceCardinality>*</sourceCardinality>
<sourceEntity>DE76DE16-4723-BDF4-4CEE-0F824392A415</sourceEntity>
<targetCardinalityString>*</targetCardinalityString>
<targetEntity>462B6EE3-9566-9EA0-3885-D12078ADA5EF</targetEntity>
<transferable>true</transferable>
<deleteRule>NO ACTION</deleteRule>
</Relation>