<?xml version = '1.0' encoding = 'UTF-8'?>
<Relation class="oracle.dbtools.crest.model.design.logical.Relation" name="Relation_23" directorySegmentName="seg_0" id="A142EA0D-5E76-17F8-89C6-74DA27ED4C9A">
<createdBy>Admin</createdBy>
<createdTime>2019-04-09 06:20:41 UTC</createdTime>
<ownerDesignName>semestral</ownerDesignName>
<engineerTo>
<item key="DFFF773F-1AB5-9727-E8DA-2A38629659B0" value="true"/>
</engineerTo>
<sourcePk>F1FD1ACD-DB7F-86DE-E547-BF53AB60AFDE</sourcePk>
<targetPk>B75B4B25-B6AE-ADA1-FBEC-82FE1F88E072</targetPk>
<identifying>false</identifying>
<nameOnSource>probíhá v</nameOnSource>
<optionalSource>true</optionalSource>
<optionalTarget>false</optionalTarget>
<sourceCardinality>*</sourceCardinality>
<sourceEntity>FF222D75-CDED-A54C-05CD-50101C186A9D</sourceEntity>
<targetCardinalityString>1</targetCardinalityString>
<targetEntity>BF39E4D4-F862-216E-1C33-DD8C862BF1E5</targetEntity>
<transferable>true</transferable>
<deleteRule>NO ACTION</deleteRule>
</Relation>