<?xml version = '1.0' encoding = 'UTF-8'?>
<Relation class="oracle.dbtools.crest.model.design.logical.Relation" name="Relation_32" directorySegmentName="seg_0" id="A3AD0B92-3047-99A9-37B8-F7F248122E3F">
<createdBy>Admin</createdBy>
<createdTime>2019-04-09 07:12:53 UTC</createdTime>
<ownerDesignName>semestral</ownerDesignName>
<engineerTo>
<item key="DFFF773F-1AB5-9727-E8DA-2A38629659B0" value="true"/>
</engineerTo>
<sourcePk>B64EFCA7-F467-6FBB-EC08-727C126DCF59</sourcePk>
<identifying>false</identifying>
<nameOnSource>zapůjčil</nameOnSource>
<optionalSource>true</optionalSource>
<optionalTarget>false</optionalTarget>
<sourceCardinality>1</sourceCardinality>
<sourceEntity>462B6EE3-9566-9EA0-3885-D12078ADA5EF</sourceEntity>
<targetCardinalityString>*</targetCardinalityString>
<targetEntity>DE427E83-1D08-6CED-C0B5-8F4E43603BC7</targetEntity>
<transferable>true</transferable>
<deleteRule>NO ACTION</deleteRule>
</Relation>