<?xml version = '1.0' encoding = 'UTF-8'?>
<Relation class="oracle.dbtools.crest.model.design.logical.Relation" name="Relation_13" directorySegmentName="seg_0" id="AD517376-159B-6EC0-4660-7C89591ED89B">
<createdBy>Admin</createdBy>
<createdTime>2019-04-08 23:40:01 UTC</createdTime>
<ownerDesignName>semestral</ownerDesignName>
<engineerTo>
<item key="DFFF773F-1AB5-9727-E8DA-2A38629659B0" value="true"/>
</engineerTo>
<sourcePk>79F92C29-2A5E-2A29-5491-0CB94FF3167A</sourcePk>
<identifying>false</identifying>
<nameOnSource>realizuje</nameOnSource>
<nameOnTarget>je realizována</nameOnTarget>
<optionalSource>true</optionalSource>
<optionalTarget>false</optionalTarget>
<sourceCardinality>1</sourceCardinality>
<sourceEntity>DE76DE16-4723-BDF4-4CEE-0F824392A415</sourceEntity>
<targetCardinalityString>*</targetCardinalityString>
<targetEntity>FF222D75-CDED-A54C-05CD-50101C186A9D</targetEntity>
<transferable>true</transferable>
<deleteRule>NO ACTION</deleteRule>
</Relation>