<?xml version = '1.0' encoding = 'UTF-8'?>
<Relation class="oracle.dbtools.crest.model.design.logical.Relation" name="Relation_20" directorySegmentName="seg_0" id="AF08998F-01FF-C60C-7B11-5232AFF67D29">
<createdBy>Admin</createdBy>
<createdTime>2019-04-09 06:03:40 UTC</createdTime>
<ownerDesignName>semestral</ownerDesignName>
<engineerTo>
<item key="DFFF773F-1AB5-9727-E8DA-2A38629659B0" value="true"/>
</engineerTo>
<sourcePk>7DCD10B3-071A-89E0-FD4C-78A021A4FC94</sourcePk>
<dominantRole>DADB9D2E-D1E8-1772-97E0-3EB784C84C77</dominantRole>
<identifying>true</identifying>
<nameOnSource>je</nameOnSource>
<optionalSource>false</optionalSource>
<optionalTarget>false</optionalTarget>
<sourceCardinality>1</sourceCardinality>
<sourceEntity>DADB9D2E-D1E8-1772-97E0-3EB784C84C77</sourceEntity>
<targetCardinalityString>1</targetCardinalityString>
<targetEntity>3053A601-BC39-6092-1F00-98F90A7FFB62</targetEntity>
<transferable>true</transferable>
<deleteRule>NO ACTION</deleteRule>
</Relation>