<?xml version = '1.0' encoding = 'UTF-8'?>
<Relation class="oracle.dbtools.crest.model.design.logical.Relation" name="Relation_11" directorySegmentName="seg_0" id="D7A02C3B-60CF-7851-90FF-4B6FB7AE6CDE">
<createdBy>Admin</createdBy>
<createdTime>2019-04-08 23:28:09 UTC</createdTime>
<ownerDesignName>semestral</ownerDesignName>
<engineerTo>
<item key="DFFF773F-1AB5-9727-E8DA-2A38629659B0" value="true"/>
</engineerTo>
<sourcePk>F1FD1ACD-DB7F-86DE-E547-BF53AB60AFDE</sourcePk>
<arc>28C35522-9909-0E55-052A-C270B6998274</arc>
<dominantRole>FF222D75-CDED-A54C-05CD-50101C186A9D</dominantRole>
<identifying>true</identifying>
<nameOnSource>je</nameOnSource>
<optionalSource>false</optionalSource>
<optionalTarget>false</optionalTarget>
<sourceCardinality>1</sourceCardinality>
<sourceEntity>FF222D75-CDED-A54C-05CD-50101C186A9D</sourceEntity>
<targetCardinalityString>1</targetCardinalityString>
<targetEntity>70E1FDA8-BD39-B6F5-0989-59A643834A63</targetEntity>
<transferable>true</transferable>
<deleteRule>NO ACTION</deleteRule>
</Relation>