<?xml version = '1.0' encoding = 'UTF-8'?>
<Relation class="oracle.dbtools.crest.model.design.logical.Relation" name="Relation_5" directorySegmentName="seg_0" id="D8CEC38E-267B-937C-8B3A-F64AC0741E35">
<createdBy>Admin</createdBy>
<createdTime>2019-04-08 21:44:28 UTC</createdTime>
<ownerDesignName>semestral</ownerDesignName>
<engineerTo>
<item key="DFFF773F-1AB5-9727-E8DA-2A38629659B0" value="true"/>
</engineerTo>
<sourcePk>B64EFCA7-F467-6FBB-EC08-727C126DCF59</sourcePk>
<identifying>false</identifying>
<nameOnSource>má</nameOnSource>
<optionalSource>true</optionalSource>
<optionalTarget>false</optionalTarget>
<sourceCardinality>1</sourceCardinality>
<sourceEntity>462B6EE3-9566-9EA0-3885-D12078ADA5EF</sourceEntity>
<targetCardinalityString>1</targetCardinalityString>
<targetEntity>BE4EF07D-5F0A-4336-BF43-8E5A8488EE1F</targetEntity>
<transferable>true</transferable>
<deleteRule>NO ACTION</deleteRule>
</Relation>