<?xml version = '1.0' encoding = 'UTF-8'?>
<Relation class="oracle.dbtools.crest.model.design.logical.Relation" name="Relation_22" directorySegmentName="seg_0" id="D96FD986-ED07-2477-B676-C80521A62F5C">
<createdBy>Admin</createdBy>
<createdTime>2019-04-09 06:17:33 UTC</createdTime>
<ownerDesignName>semestral</ownerDesignName>
<engineerTo>
<item key="DFFF773F-1AB5-9727-E8DA-2A38629659B0" value="true"/>
</engineerTo>
<sourcePk>79F92C29-2A5E-2A29-5491-0CB94FF3167A</sourcePk>
<targetPk>B75B4B25-B6AE-ADA1-FBEC-82FE1F88E072</targetPk>
<identifying>false</identifying>
<nameOnSource>spravuje</nameOnSource>
<optionalSource>true</optionalSource>
<optionalTarget>false</optionalTarget>
<sourceCardinality>*</sourceCardinality>
<sourceEntity>DE76DE16-4723-BDF4-4CEE-0F824392A415</sourceEntity>
<targetCardinalityString>1</targetCardinalityString>
<targetEntity>BF39E4D4-F862-216E-1C33-DD8C862BF1E5</targetEntity>
<transferable>true</transferable>
<deleteRule>NO ACTION</deleteRule>
</Relation>