<?xml version = '1.0' encoding = 'UTF-8'?>
<Relation class="oracle.dbtools.crest.model.design.logical.Relation" name="Relation_33" directorySegmentName="seg_0" id="DF143BE3-E622-F21E-505E-788050802B7B">
<createdBy>Admin</createdBy>
<createdTime>2019-04-09 07:21:25 UTC</createdTime>
<ownerDesignName>semestral</ownerDesignName>
<engineerTo>
<item key="DFFF773F-1AB5-9727-E8DA-2A38629659B0" value="true"/>
</engineerTo>
<sourcePk>B75B4B25-B6AE-ADA1-FBEC-82FE1F88E072</sourcePk>
<identifying>false</identifying>
<nameOnSource>disponuje</nameOnSource>
<optionalSource>true</optionalSource>
<optionalTarget>true</optionalTarget>
<sourceCardinality>1</sourceCardinality>
<sourceEntity>BF39E4D4-F862-216E-1C33-DD8C862BF1E5</sourceEntity>
<targetCardinalityString>*</targetCardinalityString>
<targetEntity>1F70406A-E897-247F-058C-772B6DEC31C9</targetEntity>
<transferable>true</transferable>
<deleteRule>NO ACTION</deleteRule>
</Relation>