<?xml version = '1.0' encoding = 'UTF-8'?>
<Relation class="oracle.dbtools.crest.model.design.logical.Relation" name="Relation_30" directorySegmentName="seg_0" id="FEAFAE61-5B94-884C-F298-0CB3CBB14C39">
<createdBy>Admin</createdBy>
<createdTime>2019-04-09 07:00:31 UTC</createdTime>
<ownerDesignName>semestral</ownerDesignName>
<engineerTo>
<item key="DFFF773F-1AB5-9727-E8DA-2A38629659B0" value="true"/>
</engineerTo>
<identifying>false</identifying>
<nameOnSource>používá</nameOnSource>
<optionalSource>true</optionalSource>
<optionalTarget>false</optionalTarget>
<sourceCardinality>*</sourceCardinality>
<sourceEntity>CB296233-FA56-8B1E-7220-C20D0ED750FD</sourceEntity>
<targetCardinalityString>*</targetCardinalityString>
<targetEntity>7D8F0443-2F03-7EB1-E0AB-92CC0852BAB2</targetEntity>
<transferable>true</transferable>
<deleteRule>NO ACTION</deleteRule>
</Relation>