<?xml version = '1.0' encoding = 'UTF-8'?>
<Diagram class="oracle.dbtools.crest.swingui.logical.DPVLogical" name="Logical" id="5CEF8E10-1315-FAD3-1644-0063CC833DE3">
<createdBy>Admin</createdBy>
<modifiedBy>Admin</modifiedBy>
<createdTime>2019-04-08 20:45:07 UTC</createdTime>
<autoRoute>false</autoRoute>
<boxInbox>true</boxInbox>
<showLegend>false</showLegend>
<showLabels>true</showLabels>
<showRelAttributes>false</showRelAttributes>
<gridEnabled>false</gridEnabled>
<showGrid>false</showGrid>
<diagramColor>-1</diagramColor>
<display>false</display>
<notation>1</notation>
<objectViews>
<OView class="oracle.dbtools.crest.swingui.logical.TVEntity" oid="0EBF32F8-6440-7B37-5414-6FF5C46CDE99" otype="Entity" vid="3CB9503D-9CC6-411B-9DDC-BF94B9CC1AB0">
<hideElementsInCurrentOnly>false</hideElementsInCurrentOnly>
<bounds x="260" y="39" width="170" height="110"/>
</OView>
<OView class="oracle.dbtools.crest.swingui.logical.TVEntity" oid="1F70406A-E897-247F-058C-772B6DEC31C9" otype="Entity" vid="DCFDE15C-8EC2-F851-48BD-0E431989CD9F">
<hideElementsInCurrentOnly>false</hideElementsInCurrentOnly>
<bounds x="1136" y="1" width="151" height="91"/>
</OView>
<OView class="oracle.dbtools.crest.swingui.logical.TVEntity" oid="3053A601-BC39-6092-1F00-98F90A7FFB62" otype="Entity" vid="E1F34316-F0C5-269D-89BC-1481E0DB1EBF">
<hideElementsInCurrentOnly>false</hideElementsInCurrentOnly>
<bounds x="932" y="206" width="127" height="73"/>
</OView>
<OView class="oracle.dbtools.crest.swingui.logical.TVEntity" oid="3F4380BC-BE28-6A1E-A1F5-DD57CD506575" otype="Entity" vid="40C957AB-0903-94A2-386B-1781769EBEF3">
<hideElementsInCurrentOnly>false</hideElementsInCurrentOnly>
<bounds x="939" y="6" width="115" height="84"/>
</OView>
<OView class="oracle.dbtools.crest.swingui.logical.TVEntity" oid="462B6EE3-9566-9EA0-3885-D12078ADA5EF" otype="Entity" vid="DF83D548-738D-7BA5-484F-FB9975D5D25C">
<hideElementsInCurrentOnly>false</hideElementsInCurrentOnly>
<bounds x="21" y="658" width="170" height="113"/>
</OView>
<OView class="oracle.dbtools.crest.swingui.logical.TVEntity" oid="64FBADDF-8932-12D7-270B-2E8F2A0CCCD9" otype="Entity" vid="0A2AECBF-3ECD-08AC-E951-9405A43FF895">
<hideElementsInCurrentOnly>false</hideElementsInCurrentOnly>
<bounds x="711" y="489" width="170" height="110"/>
</OView>
<OView class="oracle.dbtools.crest.swingui.logical.TVEntity" oid="70E1FDA8-BD39-B6F5-0989-59A643834A63" otype="Entity" vid="6E008410-C835-B8E4-3935-A3596E983885">
<hideElementsInCurrentOnly>false</hideElementsInCurrentOnly>
<bounds x="974" y="488" width="170" height="110"/>
</OView>
<OView class="oracle.dbtools.crest.swingui.logical.TVEntity" oid="73BAD100-D724-9A84-974B-B6B1CF838636" otype="Entity" vid="58B18BB7-9DAF-AC35-EB6B-79FE1BEE20D1">
<hideElementsInCurrentOnly>false</hideElementsInCurrentOnly>
<bounds x="681" y="163" width="122" height="97"/>
</OView>
<OView class="oracle.dbtools.crest.swingui.logical.TVEntity" oid="7D8F0443-2F03-7EB1-E0AB-92CC0852BAB2" otype="Entity" vid="53C3255F-CEE4-8D54-335A-15BDC2CA2BC4">
<hideElementsInCurrentOnly>false</hideElementsInCurrentOnly>
<bounds x="497" y="443" width="145" height="112"/>
</OView>
<OView class="oracle.dbtools.crest.swingui.logical.TVEntity" oid="AA20C999-6428-10D2-5014-94C3BDD65846" otype="Entity" vid="A2D929A4-B130-93DC-1757-699E1FE7E5A8">
<hideElementsInCurrentOnly>false</hideElementsInCurrentOnly>
<bounds x="896" y="664" width="170" height="110"/>
</OView>
<OView class="oracle.dbtools.crest.swingui.logical.TVEntity" oid="BE4EF07D-5F0A-4336-BF43-8E5A8488EE1F" otype="Entity" vid="7675B8AD-B252-F12A-AEC8-10A1CD76AC60">
<hideElementsInCurrentOnly>false</hideElementsInCurrentOnly>
<bounds x="497" y="666" width="170" height="110"/>
</OView>
<OView class="oracle.dbtools.crest.swingui.logical.TVEntity" oid="BF39E4D4-F862-216E-1C33-DD8C862BF1E5" otype="Entity" vid="7B58CB92-6A1B-506D-675E-A777BFD321FF">
<hideElementsInCurrentOnly>false</hideElementsInCurrentOnly>
<bounds x="934" y="109" width="121" height="74"/>
</OView>
<OView class="oracle.dbtools.crest.swingui.logical.TVEntity" oid="CB296233-FA56-8B1E-7220-C20D0ED750FD" otype="Entity" vid="7465315D-A7E0-A3C4-4D09-58865FA24041">
<hideElementsInCurrentOnly>false</hideElementsInCurrentOnly>
<bounds x="376" y="210" width="171" height="107"/>
</OView>
<OView class="oracle.dbtools.crest.swingui.logical.TVEntity" oid="CBFE57A3-765E-FF18-A7C1-611891C7F363" otype="Entity" vid="FF6A3FC3-608F-AC94-91F9-D163409A6ED4">
<hideElementsInCurrentOnly>false</hideElementsInCurrentOnly>
<bounds x="496" y="56" width="146" height="86"/>
</OView>
<OView class="oracle.dbtools.crest.swingui.logical.TVEntity" oid="DADB9D2E-D1E8-1772-97E0-3EB784C84C77" otype="Entity" vid="4EA92E73-C56E-55A4-A8A9-165D9E1E7A5A">
<hideElementsInCurrentOnly>false</hideElementsInCurrentOnly>
<bounds x="682" y="10" width="132" height="90"/>
</OView>
<OView class="oracle.dbtools.crest.swingui.logical.TVEntity" oid="DE427E83-1D08-6CED-C0B5-8F4E43603BC7" otype="Entity" vid="AA0F64A8-500C-3249-027B-21C32767CB7D">
<hideElementsInCurrentOnly>false</hideElementsInCurrentOnly>
<bounds x="30" y="62" width="142" height="102"/>
</OView>
<OView class="oracle.dbtools.crest.swingui.logical.TVEntity" oid="DE76DE16-4723-BDF4-4CEE-0F824392A415" otype="Entity" vid="A9FC3F89-7D53-4BD3-2095-5AB1332229BE">
<hideElementsInCurrentOnly>false</hideElementsInCurrentOnly>
<bounds x="166" y="290" width="170" height="110"/>
</OView>
<OView class="oracle.dbtools.crest.swingui.logical.TVEntity" oid="E7C3937A-4AC7-A038-0785-665B7E841385" otype="Entity" vid="B1CABEF9-764D-C31F-7436-64AF67D97C4C">
<hideElementsInCurrentOnly>false</hideElementsInCurrentOnly>
<bounds x="307" y="444" width="170" height="110"/>
</OView>
<OView class="oracle.dbtools.crest.swingui.logical.TVEntity" oid="FC3F70C5-140F-27E0-108F-731BDBA2CF62" otype="Entity" vid="5F94BB9E-8DA2-F964-1031-08E973E9A02A">
<hideElementsInCurrentOnly>false</hideElementsInCurrentOnly>
<bounds x="57" y="442" width="103" height="87"/>
</OView>
<OView class="oracle.dbtools.crest.swingui.logical.TVEntity" oid="FF222D75-CDED-A54C-05CD-50101C186A9D" otype="Entity" vid="24FB79F0-961E-6C07-61B0-EC07EA374284">
<hideElementsInCurrentOnly>false</hideElementsInCurrentOnly>
<bounds x="837" y="303" width="170" height="110"/>
</OView>
</objectViews>
<connectors>
<Connector class="oracle.dbtools.crest.swingui.logical.TVRelation" oid="05F01C9C-F8D5-7383-BC46-7B5CC7CB6921" otype="Relation" vid_source="3CB9503D-9CC6-411B-9DDC-BF94B9CC1AB0" vid_target="7465315D-A7E0-A3C4-4D09-58865FA24041">
<hideElementsInCurrentOnly>false</hideElementsInCurrentOnly>
<backgroundColor>-16777216</backgroundColor>
<lineWidth>1</lineWidth>
<sourceLabel class="oracle.dbtools.crest.model.design.Label">
<site>0</site>
<labelBounds x="403" y="185" width="26" height="30"/>
<noBackgroundColor>true</noBackgroundColor>
<noForegroundColor>true</noForegroundColor>
</sourceLabel>
<points>
<point x="403" y="149"/>
<point x="403" y="210"/>
</points>
</Connector>
<Connector class="oracle.dbtools.crest.swingui.logical.TVRelation" oid="0CF03E19-41DD-82D0-D65E-BFCDD0328138" otype="Relation" vid_source="FF6A3FC3-608F-AC94-91F9-D163409A6ED4" vid_target="40C957AB-0903-94A2-386B-1781769EBEF3">
<hideElementsInCurrentOnly>false</hideElementsInCurrentOnly>
<backgroundColor>-16777216</backgroundColor>
<lineWidth>1</lineWidth>
<sourceLabel class="oracle.dbtools.crest.model.design.Label">
<site>0</site>
<labelBounds x="652" y="90" width="32" height="31"/>
<noBackgroundColor>true</noBackgroundColor>
<noForegroundColor>true</noForegroundColor>
</sourceLabel>
<points>
<point x="642" y="121"/>
<point x="894" y="121"/>
<point x="894" y="77"/>
<point x="939" y="77"/>
</points>
</Connector>
<Connector class="oracle.dbtools.crest.swingui.logical.TVRelation" oid="10EE3768-B93C-362A-BE1D-2A0F621D9B59" otype="Relation" vid_source="7675B8AD-B252-F12A-AEC8-10A1CD76AC60" vid_target="E1F34316-F0C5-269D-89BC-1481E0DB1EBF">
<hideElementsInCurrentOnly>false</hideElementsInCurrentOnly>
<backgroundColor>-16777216</backgroundColor>
<lineWidth>1</lineWidth>
<sourceLabel class="oracle.dbtools.crest.model.design.Label">
<site>0</site>
<labelBounds x="654" y="611" width="67" height="49"/>
<noBackgroundColor>true</noBackgroundColor>
<noForegroundColor>true</noForegroundColor>
</sourceLabel>
<points>
<point x="654" y="666"/>
<point x="654" y="395"/>
<point x="653" y="281"/>
<point x="932" y="279"/>
</points>
</Connector>
<Connector class="oracle.dbtools.crest.swingui.logical.TVRelation" oid="11546BB4-CCB9-392A-34FA-F1BF82422950" otype="Relation" vid_source="3CB9503D-9CC6-411B-9DDC-BF94B9CC1AB0" vid_target="A9FC3F89-7D53-4BD3-2095-5AB1332229BE">
<hideElementsInCurrentOnly>false</hideElementsInCurrentOnly>
<backgroundColor>-16777216</backgroundColor>
<lineWidth>1</lineWidth>
<sourceLabel class="oracle.dbtools.crest.model.design.Label">
<site>0</site>
<labelBounds x="298" y="193" width="24" height="30"/>
<noBackgroundColor>true</noBackgroundColor>
<noForegroundColor>true</noForegroundColor>
</sourceLabel>
<points>
<point x="298" y="149"/>
<point x="298" y="290"/>
</points>
</Connector>
<Connector class="oracle.dbtools.crest.swingui.logical.TVRelation" oid="13FF18B4-B8CA-18C5-1F47-B6D685A02182" otype="Relation" vid_source="DF83D548-738D-7BA5-484F-FB9975D5D25C" vid_target="B1CABEF9-764D-C31F-7436-64AF67D97C4C">
<hideElementsInCurrentOnly>false</hideElementsInCurrentOnly>
<backgroundColor>-16777216</backgroundColor>
<lineWidth>1</lineWidth>
<sourceLabel class="oracle.dbtools.crest.model.design.Label">
<site>0</site>
<labelBounds x="201" y="651" width="40" height="30"/>
<noBackgroundColor>true</noBackgroundColor>
<noForegroundColor>true</noForegroundColor>
</sourceLabel>
<points>
<point x="191" y="681"/>
<point x="388" y="681"/>
<point x="388" y="554"/>
</points>
</Connector>
<Connector class="oracle.dbtools.crest.swingui.logical.TVRelation" oid="18AE5B8A-4067-84C3-8EC5-B428F4BE1826" otype="Relation" vid_source="58B18BB7-9DAF-AC35-EB6B-79FE1BEE20D1" vid_target="53C3255F-CEE4-8D54-335A-15BDC2CA2BC4">
<hideElementsInCurrentOnly>false</hideElementsInCurrentOnly>
<backgroundColor>-16777216</backgroundColor>
<lineWidth>1</lineWidth>
<targetLabel class="oracle.dbtools.crest.model.design.Label">
<site>2</site>
<labelBounds x="575" y="414" width="76" height="17"/>
<noBackgroundColor>true</noBackgroundColor>
<noForegroundColor>true</noForegroundColor>
</targetLabel>
<points>
<point x="681" y="259"/>
<point x="622" y="259"/>
<point x="622" y="443"/>
</points>
</Connector>
<Connector class="oracle.dbtools.crest.swingui.logical.TVRelation" oid="269C1F6A-5392-76B0-D623-CF2911D523EC" otype="Relation" vid_source="5F94BB9E-8DA2-F964-1031-08E973E9A02A" vid_target="DF83D548-738D-7BA5-484F-FB9975D5D25C">
<hideElementsInCurrentOnly>false</hideElementsInCurrentOnly>
<backgroundColor>-16777216</backgroundColor>
<lineWidth>1</lineWidth>
<targetLabel class="oracle.dbtools.crest.model.design.Label">
<site>2</site>
<labelBounds x="85" y="626" width="23" height="21"/>
<noBackgroundColor>true</noBackgroundColor>
<noForegroundColor>true</noForegroundColor>
</targetLabel>
<points>
<point x="109" y="529"/>
<point x="108" y="658"/>
</points>
</Connector>
<Connector class="oracle.dbtools.crest.swingui.logical.TVRelation" oid="396E6BEB-6714-2B89-1FF1-A0F64534E57C" otype="Relation" vid_source="7465315D-A7E0-A3C4-4D09-58865FA24041" vid_target="58B18BB7-9DAF-AC35-EB6B-79FE1BEE20D1">
<hideElementsInCurrentOnly>false</hideElementsInCurrentOnly>
<backgroundColor>-16777216</backgroundColor>
<lineWidth>1</lineWidth>
<sourceLabel class="oracle.dbtools.crest.model.design.Label">
<site>0</site>
<labelBounds x="557" y="205" width="51" height="30"/>
<noBackgroundColor>true</noBackgroundColor>
<noForegroundColor>true</noForegroundColor>
</sourceLabel>
<points>
<point x="547" y="235"/>
<point x="681" y="235"/>
</points>
</Connector>
<Connector class="oracle.dbtools.crest.swingui.logical.TVRelation" oid="3E7786BF-451F-4ACB-E19D-0422440739C9" otype="Relation" vid_source="7675B8AD-B252-F12A-AEC8-10A1CD76AC60" vid_target="A2D929A4-B130-93DC-1757-699E1FE7E5A8">
<hideElementsInCurrentOnly>false</hideElementsInCurrentOnly>
<backgroundColor>-16777216</backgroundColor>
<lineWidth>1</lineWidth>
<targetLabel class="oracle.dbtools.crest.model.design.Label">
<site>2</site>
<labelBounds x="853" y="732" width="45" height="25"/>
<noBackgroundColor>true</noBackgroundColor>
<noForegroundColor>true</noForegroundColor>
</targetLabel>
<points>
<point x="667" y="720"/>
<point x="896" y="720"/>
</points>
</Connector>
<Connector class="oracle.dbtools.crest.swingui.logical.TVRelation" oid="41B41994-907E-F181-70BD-51A690AA42F0" otype="Relation" vid_source="3CB9503D-9CC6-411B-9DDC-BF94B9CC1AB0" vid_target="AA0F64A8-500C-3249-027B-21C32767CB7D">
<hideElementsInCurrentOnly>false</hideElementsInCurrentOnly>
<backgroundColor>-16777216</backgroundColor>
<lineWidth>1</lineWidth>
<sourceLabel class="oracle.dbtools.crest.model.design.Label">
<site>0</site>
<labelBounds x="201" y="75" width="53" height="30"/>
<noBackgroundColor>true</noBackgroundColor>
<noForegroundColor>true</noForegroundColor>
</sourceLabel>
<points>
<point x="260" y="105"/>
<point x="172" y="105"/>
</points>
</Connector>
<Connector class="oracle.dbtools.crest.swingui.logical.TVRelation" oid="44A14ED6-8C8D-6656-E8E0-0A821A32F838" otype="Relation" vid_source="DF83D548-738D-7BA5-484F-FB9975D5D25C" vid_target="E1F34316-F0C5-269D-89BC-1481E0DB1EBF">
<hideElementsInCurrentOnly>false</hideElementsInCurrentOnly>
<backgroundColor>-16777216</backgroundColor>
<lineWidth>1</lineWidth>
<sourceLabel class="oracle.dbtools.crest.model.design.Label">
<site>0</site>
<labelBounds x="55" y="614" width="53" height="30"/>
<noBackgroundColor>true</noBackgroundColor>
<noForegroundColor>true</noForegroundColor>
</sourceLabel>
<points>
<point x="55" y="658"/>
<point x="55" y="584"/>
<point x="462" y="586"/>
<point x="462" y="641"/>
<point x="1159" y="638"/>
<point x="1155" y="244"/>
<point x="1059" y="244"/>
</points>
</Connector>
<Connector class="oracle.dbtools.crest.swingui.logical.TVRelation" oid="4A1E1A8F-E189-978B-C6AD-D12F6E2B880A" otype="Relation" vid_source="3CB9503D-9CC6-411B-9DDC-BF94B9CC1AB0" vid_target="FF6A3FC3-608F-AC94-91F9-D163409A6ED4">
<hideElementsInCurrentOnly>false</hideElementsInCurrentOnly>
<backgroundColor>-16777216</backgroundColor>
<lineWidth>1</lineWidth>
<sourceLabel class="oracle.dbtools.crest.model.design.Label">
<site>0</site>
<labelBounds x="440" y="69" width="40" height="30"/>
<noBackgroundColor>true</noBackgroundColor>
<noForegroundColor>true</noForegroundColor>
</sourceLabel>
<points>
<point x="430" y="99"/>
<point x="496" y="99"/>
</points>
</Connector>
<Connector class="oracle.dbtools.crest.swingui.logical.TVRelation" oid="593851A7-F92C-8892-DDBE-813323AEFB59" otype="Relation" vid_source="58B18BB7-9DAF-AC35-EB6B-79FE1BEE20D1" vid_target="4EA92E73-C56E-55A4-A8A9-165D9E1E7A5A">
<hideElementsInCurrentOnly>false</hideElementsInCurrentOnly>
<backgroundColor>-16777216</backgroundColor>
<lineWidth>1</lineWidth>
<sourceLabel class="oracle.dbtools.crest.model.design.Label">
<site>0</site>
<labelBounds x="742" y="111" width="56" height="30"/>
<noBackgroundColor>true</noBackgroundColor>
<noForegroundColor>true</noForegroundColor>
</sourceLabel>
<points>
<point x="742" y="163"/>
<point x="742" y="100"/>
</points>
</Connector>
<Connector class="oracle.dbtools.crest.swingui.logical.TVRelation" oid="7669F10D-6E32-2BC3-0F4A-A85E035FBCD5" otype="Relation" vid_source="4EA92E73-C56E-55A4-A8A9-165D9E1E7A5A" vid_target="40C957AB-0903-94A2-386B-1781769EBEF3">
<hideElementsInCurrentOnly>false</hideElementsInCurrentOnly>
<backgroundColor>-16777216</backgroundColor>
<lineWidth>1</lineWidth>
<sourceLabel class="oracle.dbtools.crest.model.design.Label">
<site>0</site>
<labelBounds x="824" y="30" width="23" height="20"/>
<noBackgroundColor>true</noBackgroundColor>
<noForegroundColor>true</noForegroundColor>
</sourceLabel>
<points>
<point x="814" y="50"/>
<point x="939" y="50"/>
</points>
</Connector>
<Connector class="oracle.dbtools.crest.swingui.logical.TVRelation" oid="7DD20DC2-FFD6-7EE8-A016-3143838B616B" otype="Relation" vid_source="A9FC3F89-7D53-4BD3-2095-5AB1332229BE" vid_target="40C957AB-0903-94A2-386B-1781769EBEF3">
<hideElementsInCurrentOnly>false</hideElementsInCurrentOnly>
<backgroundColor>-16777216</backgroundColor>
<lineWidth>1</lineWidth>
<sourceLabel class="oracle.dbtools.crest.model.design.Label">
<site>0</site>
<labelBounds x="195" y="257" width="58" height="19"/>
<noBackgroundColor>true</noBackgroundColor>
<noForegroundColor>true</noForegroundColor>
</sourceLabel>
<points>
<point x="195" y="290"/>
<point x="195" y="5"/>
<point x="585" y="7"/>
<point x="939" y="7"/>
</points>
</Connector>
<Connector class="oracle.dbtools.crest.swingui.logical.TVRelation" oid="7E8C44AF-27B1-680D-A679-22F97641E253" otype="Relation" vid_source="24FB79F0-961E-6C07-61B0-EC07EA374284" vid_target="0A2AECBF-3ECD-08AC-E951-9405A43FF895">
<hideElementsInCurrentOnly>false</hideElementsInCurrentOnly>
<backgroundColor>-16777216</backgroundColor>
<lineWidth>1</lineWidth>
<sourceLabel class="oracle.dbtools.crest.model.design.Label">
<site>0</site>
<labelBounds x="859" y="449" width="24" height="30"/>
<noBackgroundColor>true</noBackgroundColor>
<noForegroundColor>true</noForegroundColor>
</sourceLabel>
<points>
<point x="859" y="413"/>
<point x="859" y="489"/>
</points>
</Connector>
<Connector class="oracle.dbtools.crest.swingui.logical.TVRelation" oid="8AC999C5-9DCB-629D-4F88-801ACED3CD2F" otype="Relation" vid_source="DF83D548-738D-7BA5-484F-FB9975D5D25C" vid_target="24FB79F0-961E-6C07-61B0-EC07EA374284">
<hideElementsInCurrentOnly>false</hideElementsInCurrentOnly>
<backgroundColor>-16777216</backgroundColor>
<lineWidth>1</lineWidth>
<sourceLabel class="oracle.dbtools.crest.model.design.Label">
<site>0</site>
<labelBounds x="130" y="606" width="67" height="30"/>
<noBackgroundColor>true</noBackgroundColor>
<noForegroundColor>true</noForegroundColor>
</sourceLabel>
<points>
<point x="130" y="658"/>
<point x="130" y="624"/>
<point x="917" y="620"/>
<point x="917" y="413"/>
</points>
</Connector>
<Connector class="oracle.dbtools.crest.swingui.logical.TVRelation" oid="8CA41955-6A02-8FF4-1C2F-6602B699E648" otype="Relation" vid_source="B1CABEF9-764D-C31F-7436-64AF67D97C4C" vid_target="A9FC3F89-7D53-4BD3-2095-5AB1332229BE">
<hideElementsInCurrentOnly>false</hideElementsInCurrentOnly>
<backgroundColor>-16777216</backgroundColor>
<lineWidth>1</lineWidth>
<targetLabel class="oracle.dbtools.crest.model.design.Label">
<site>2</site>
<labelBounds x="272" y="415" width="50" height="34"/>
<noBackgroundColor>true</noBackgroundColor>
<noForegroundColor>true</noForegroundColor>
</targetLabel>
<points>
<point x="321" y="444"/>
<point x="321" y="400"/>
</points>
</Connector>
<Connector class="oracle.dbtools.crest.swingui.logical.TVRelation" oid="9B9A8377-18C6-CB2D-773B-E8A5ADDE8D06" otype="Relation" vid_source="4EA92E73-C56E-55A4-A8A9-165D9E1E7A5A" vid_target="7B58CB92-6A1B-506D-675E-A777BFD321FF">
<hideElementsInCurrentOnly>false</hideElementsInCurrentOnly>
<backgroundColor>-16777216</backgroundColor>
<lineWidth>1</lineWidth>
<sourceLabel class="oracle.dbtools.crest.model.design.Label">
<site>0</site>
<labelBounds x="824" y="53" width="33" height="19"/>
<noBackgroundColor>true</noBackgroundColor>
<noForegroundColor>true</noForegroundColor>
</sourceLabel>
<points>
<point x="814" y="72"/>
<point x="875" y="72"/>
<point x="876" y="143"/>
<point x="934" y="143"/>
</points>
</Connector>
<Connector class="oracle.dbtools.crest.swingui.logical.TVRelation" oid="9EAE8770-B2F3-1797-71A0-C328A4A0BD74" otype="Relation" vid_source="A9FC3F89-7D53-4BD3-2095-5AB1332229BE" vid_target="DF83D548-738D-7BA5-484F-FB9975D5D25C">
<hideElementsInCurrentOnly>false</hideElementsInCurrentOnly>
<backgroundColor>-16777216</backgroundColor>
<lineWidth>1</lineWidth>
<sourceLabel class="oracle.dbtools.crest.model.design.Label">
<site>0</site>
<labelBounds x="178" y="460" width="39" height="30"/>
<noBackgroundColor>true</noBackgroundColor>
<noForegroundColor>true</noForegroundColor>
</sourceLabel>
<targetLabel class="oracle.dbtools.crest.model.design.Label">
<site>2</site>
<labelBounds x="178" y="598" width="72" height="30"/>
<noBackgroundColor>true</noBackgroundColor>
<noForegroundColor>true</noForegroundColor>
</targetLabel>
<points>
<point x="178" y="400"/>
<point x="178" y="658"/>
</points>
</Connector>
<Connector class="oracle.dbtools.crest.swingui.logical.TVRelation" oid="A142EA0D-5E76-17F8-89C6-74DA27ED4C9A" otype="Relation" vid_source="24FB79F0-961E-6C07-61B0-EC07EA374284" vid_target="7B58CB92-6A1B-506D-675E-A777BFD321FF">
<hideElementsInCurrentOnly>false</hideElementsInCurrentOnly>
<backgroundColor>-16777216</backgroundColor>
<lineWidth>1</lineWidth>
<sourceLabel class="oracle.dbtools.crest.model.design.Label">
<site>0</site>
<labelBounds x="1017" y="293" width="59" height="30"/>
<noBackgroundColor>true</noBackgroundColor>
<noForegroundColor>true</noForegroundColor>
</sourceLabel>
<points>
<point x="1007" y="323"/>
<point x="1130" y="323"/>
<point x="1127" y="171"/>
<point x="1055" y="171"/>
</points>
</Connector>
<Connector class="oracle.dbtools.crest.swingui.logical.TVRelation" oid="A3AD0B92-3047-99A9-37B8-F7F248122E3F" otype="Relation" vid_source="DF83D548-738D-7BA5-484F-FB9975D5D25C" vid_target="AA0F64A8-500C-3249-027B-21C32767CB7D">
<hideElementsInCurrentOnly>false</hideElementsInCurrentOnly>
<backgroundColor>-16777216</backgroundColor>
<lineWidth>1</lineWidth>
<sourceLabel class="oracle.dbtools.crest.model.design.Label">
<site>0</site>
<labelBounds x="30" y="557" width="70" height="63"/>
<noBackgroundColor>true</noBackgroundColor>
<noForegroundColor>true</noForegroundColor>
</sourceLabel>
<points>
<point x="30" y="658"/>
<point x="30" y="384"/>
<point x="95" y="384"/>
<point x="95" y="164"/>
</points>
</Connector>
<Connector class="oracle.dbtools.crest.swingui.logical.TVRelation" oid="AD517376-159B-6EC0-4660-7C89591ED89B" otype="Relation" vid_source="A9FC3F89-7D53-4BD3-2095-5AB1332229BE" vid_target="24FB79F0-961E-6C07-61B0-EC07EA374284">
<hideElementsInCurrentOnly>false</hideElementsInCurrentOnly>
<backgroundColor>-16777216</backgroundColor>
<lineWidth>1</lineWidth>
<sourceLabel class="oracle.dbtools.crest.model.design.Label">
<site>0</site>
<labelBounds x="346" y="338" width="56" height="13"/>
<noBackgroundColor>true</noBackgroundColor>
<noForegroundColor>true</noForegroundColor>
</sourceLabel>
<targetLabel class="oracle.dbtools.crest.model.design.Label">
<site>2</site>
<labelBounds x="749" y="354" width="82" height="30"/>
<noBackgroundColor>true</noBackgroundColor>
<noForegroundColor>true</noForegroundColor>
</targetLabel>
<points>
<point x="336" y="351"/>
<point x="837" y="351"/>
</points>
</Connector>
<Connector class="oracle.dbtools.crest.swingui.logical.TVRelation" oid="AF08998F-01FF-C60C-7B11-5232AFF67D29" otype="Relation" vid_source="4EA92E73-C56E-55A4-A8A9-165D9E1E7A5A" vid_target="E1F34316-F0C5-269D-89BC-1481E0DB1EBF">
<hideElementsInCurrentOnly>false</hideElementsInCurrentOnly>
<backgroundColor>-16777216</backgroundColor>
<lineWidth>1</lineWidth>
<sourceLabel class="oracle.dbtools.crest.model.design.Label">
<site>0</site>
<labelBounds x="824" y="77" width="34" height="15"/>
<noBackgroundColor>true</noBackgroundColor>
<noForegroundColor>true</noForegroundColor>
</sourceLabel>
<points>
<point x="814" y="92"/>
<point x="853" y="92"/>
<point x="852" y="239"/>
<point x="932" y="239"/>
</points>
</Connector>
<Connector class="oracle.dbtools.crest.swingui.logical.TVRelation" oid="D7A02C3B-60CF-7851-90FF-4B6FB7AE6CDE" otype="Relation" vid_source="24FB79F0-961E-6C07-61B0-EC07EA374284" vid_target="6E008410-C835-B8E4-3935-A3596E983885">
<hideElementsInCurrentOnly>false</hideElementsInCurrentOnly>
<backgroundColor>-16777216</backgroundColor>
<lineWidth>1</lineWidth>
<sourceLabel class="oracle.dbtools.crest.model.design.Label">
<site>0</site>
<labelBounds x="990" y="481" width="24" height="30"/>
<noBackgroundColor>true</noBackgroundColor>
<noForegroundColor>true</noForegroundColor>
</sourceLabel>
<points>
<point x="990" y="413"/>
<point x="990" y="488"/>
</points>
</Connector>
<Connector class="oracle.dbtools.crest.swingui.logical.TVRelation" oid="D8CEC38E-267B-937C-8B3A-F64AC0741E35" otype="Relation" vid_source="DF83D548-738D-7BA5-484F-FB9975D5D25C" vid_target="7675B8AD-B252-F12A-AEC8-10A1CD76AC60">
<hideElementsInCurrentOnly>false</hideElementsInCurrentOnly>
<backgroundColor>-16777216</backgroundColor>
<lineWidth>1</lineWidth>
<sourceLabel class="oracle.dbtools.crest.model.design.Label">
<site>0</site>
<labelBounds x="201" y="688" width="30" height="30"/>
<noBackgroundColor>true</noBackgroundColor>
<noForegroundColor>true</noForegroundColor>
</sourceLabel>
<points>
<point x="191" y="718"/>
<point x="497" y="718"/>
</points>
</Connector>
<Connector class="oracle.dbtools.crest.swingui.logical.TVRelation" oid="D96FD986-ED07-2477-B676-C80521A62F5C" otype="Relation" vid_source="A9FC3F89-7D53-4BD3-2095-5AB1332229BE" vid_target="7B58CB92-6A1B-506D-675E-A777BFD321FF">
<hideElementsInCurrentOnly>false</hideElementsInCurrentOnly>
<backgroundColor>-16777216</backgroundColor>
<lineWidth>1</lineWidth>
<sourceLabel class="oracle.dbtools.crest.model.design.Label">
<site>0</site>
<labelBounds x="245" y="476" width="54" height="30"/>
<noBackgroundColor>true</noBackgroundColor>
<noForegroundColor>true</noForegroundColor>
</sourceLabel>
<points>
<point x="245" y="400"/>
<point x="245" y="661"/>
<point x="1183" y="656"/>
<point x="1176" y="148"/>
<point x="1055" y="148"/>
</points>
</Connector>
<Connector class="oracle.dbtools.crest.swingui.logical.TVRelation" oid="DF143BE3-E622-F21E-505E-788050802B7B" otype="Relation" vid_source="7B58CB92-6A1B-506D-675E-A777BFD321FF" vid_target="DCFDE15C-8EC2-F851-48BD-0E431989CD9F">
<hideElementsInCurrentOnly>false</hideElementsInCurrentOnly>
<backgroundColor>-16777216</backgroundColor>
<lineWidth>1</lineWidth>
<sourceLabel class="oracle.dbtools.crest.model.design.Label">
<site>0</site>
<labelBounds x="1065" y="84" width="50" height="47"/>
<noBackgroundColor>true</noBackgroundColor>
<noForegroundColor>true</noForegroundColor>
</sourceLabel>
<points>
<point x="1055" y="131"/>
<point x="1098" y="131"/>
<point x="1098" y="53"/>
<point x="1136" y="53"/>
</points>
</Connector>
<Connector class="oracle.dbtools.crest.swingui.logical.TVRelation" oid="FEAFAE61-5B94-884C-F298-0CB3CBB14C39" otype="Relation" vid_source="7465315D-A7E0-A3C4-4D09-58865FA24041" vid_target="53C3255F-CEE4-8D54-335A-15BDC2CA2BC4">
<hideElementsInCurrentOnly>false</hideElementsInCurrentOnly>
<backgroundColor>-16777216</backgroundColor>
<lineWidth>1</lineWidth>
<sourceLabel class="oracle.dbtools.crest.model.design.Label">
<site>0</site>
<labelBounds x="522" y="353" width="52" height="30"/>
<noBackgroundColor>true</noBackgroundColor>
<noForegroundColor>true</noForegroundColor>
</sourceLabel>
<points>
<point x="522" y="317"/>
<point x="521" y="443"/>
</points>
</Connector>
</connectors>
<arcs>
<Arc class="oracle.dbtools.crest.swingui.logical.TVArc" oid="28C35522-9909-0E55-052A-C270B6998274" otype="Arc" vid="33A5B32E-DFEB-E2C1-2762-E14454D4048D">
<hideElementsInCurrentOnly>false</hideElementsInCurrentOnly>
<bounds x="817" y="283" width="210" height="150"/>
</Arc>
<Arc class="oracle.dbtools.crest.swingui.logical.TVArc" oid="D8D27B23-F8FD-BD39-080C-BCAC75558E7A" otype="Arc" vid="4E72B478-E276-D046-D829-A7E83C0120F2">
<hideElementsInCurrentOnly>false</hideElementsInCurrentOnly>
<bounds x="240" y="19" width="210" height="150"/>
</Arc>
<Arc class="oracle.dbtools.crest.swingui.logical.TVArc" oid="DE87380E-B2A2-3D8D-76A5-BD3F30497614" otype="Arc" vid="B1DACD50-193C-5BE5-3D8C-AE6D38FD4C89">
<hideElementsInCurrentOnly>false</hideElementsInCurrentOnly>
<bounds x="662" y="-10" width="172" height="130"/>
</Arc>
</arcs>
</Diagram>